Lake.Name,Date.Sampled,Month,Latitude.N,Longitude.W,Alkalinity,Bicarbonate,Calcium,Carbonate,Chloride,Hardness,Lake.area.perimeter.ratio,Lake.elevation,Lake.reservoir,Magnesium,Max.depth,Nitrogen,pH,Phosphorus,Potassium,Secchi.depth,Silica,Sodium,Sulphate,Sum.buoyancy.frequency,Surface.water.temperature,Total.dissolved.solids,Air.temperature.monthly,Air.temperature.spring,Canal.drainage,Catchment.area,Cleared.land,Cropland,Grassland,Greenspace,Hard.linear.features,Harvested.forest,Intact.forest,Mean.catchment.slope,Pastureland,Soft.linear.features,Solar.radiation.monthly,Total.precipitation.monthly,Urban.industrial,Watercourse.crossing.density,Wetlands
ALIX LAKE,2014-06-11,Jun,52.33333,113.16667,328,370,36.8,15.2,13.6,290,0.107164491,790,0,48.2,2.5,2.203,8.55,0.0978,10.8,1.5,10.1,82,156,0.0044341,17.92,544,19.9167004,7.8704167,7.28E-05,54.15915518,0.024226872,0.409704206,0,0.000244697,0.022335815,0,0.22678113,3.211844,0.160819201,0.040290433,360.3200073,4512,0.017999853,16,0.02120006
ALIX LAKE,2014-07-08,Jul,52.33333,113.16667,327,383,38.8,8.2,11.8,283,0.107164491,790,0,45.2,2.5,1.8738,8.46,0.0462,10.1,1.2,5.41,72.8,140,0.00341065,23.7,515,25.1774006,7.8704167,7.28E-05,54.15915518,0.024226872,0.409704206,0,0.000244697,0.022335815,0,0.22678113,3.211844,0.160819201,0.040290433,392.1549988,2964,0.017999853,16,0.02120006
ALIX LAKE,2014-08-13,Aug,52.33333,113.16667,324,348,37.3,23.1,11.9,304,0.107164491,790,0,51.1,2.5,1.803,8.73,0.0465,11.2,1,10.3,80.7,142,0.00467421,23.29,529,23.2903004,7.8704167,7.28E-05,54.15915518,0.024226872,0.409704206,0,0.000244697,0.022335815,0,0.22678113,3.211844,0.160819201,0.040290433,327.2260132,2011,0.017999853,16,0.02120006
ALIX LAKE,2014-09-08,Sep,52.33333,113.16667,319,356,38.6,16.3,12.5,312,0.107164491,790,0,52.4,2.5,1.673,8.68,0.0338,11.1,1.45,9.67,88.2,149,0.00002258,15.25,543,18.2833004,7.8704167,7.28E-05,54.15915518,0.024226872,0.409704206,0,0.000244697,0.022335815,0,0.22678113,3.211844,0.160819201,0.040290433,277.2269897,2535,0.017999853,16,0.02120006
BUCK LAKE,2013-06-13,Jun,52.98333,114.76667,122,148,27.9,2.5,3.18,95.6,0.69249923,882,0,6.3,10.5,1.143,8.22,0.0241,6.04,2.8,4.01,15.2,6.79,0.01138748,15,139,19.67898485,9.035476138,0.001479241,270.3659248,0.012732519,0.004000129,0,0.000732738,0.015601513,0.00374236,0.48452389,1.814991,0.405075143,0.026989312,354.8799996,20916,0.025438445,94,0.0247975
BUCK LAKE,2013-07-23,Jul,52.98333,114.76667,114,138,25.5,2.5,3.26,90.6,0.69249923,882,0,6.55,10.5,1.103,8.35,0.0397,5.29,2,5.78,15.3,6.2,0.01960101,20.8,131,21.63674612,9.035476138,0.001479241,270.3659248,0.012732519,0.004000129,0,0.000732738,0.015601513,0.00374236,0.48452389,1.814991,0.405075143,0.026989312,351.4165517,30643,0.025438445,94,0.0247975
BUCK LAKE,2013-08-14,Aug,52.98333,114.76667,116,117,26.6,12,3.37,92.4,0.69249923,882,0,6.3,10.5,2.243,8.85,0.0766,5.5,1.7,7.9,14.9,5.99,0.01669935,21.25,132,23.12552601,9.035476138,0.001479241,270.3659248,0.012732519,0.004000129,0,0.000732738,0.015601513,0.00374236,0.48452389,1.814991,0.405075143,0.026989312,342.8757417,14334,0.025438445,94,0.0247975
BUCK LAKE,2013-10-04,Sep,52.98333,114.76667,118,143,27.4,2.5,3.5,96.9,0.69249923,882,0,6.92,10.5,0.874,8.05,0.127,5.52,3.6,12.4,15.4,5.86,0.00026568,11.98,136,20.41666603,9.035476138,0.001479241,270.3659248,0.012732519,0.004000129,0,0.000732738,0.015601513,0.00374236,0.48452389,1.814991,0.405075143,0.026989312,302.1402906,5605,0.025438445,94,0.0247975
BUFFALO LAKE (NEAR BASHAW) MAIN,2014-06-26,Jun,52.48333,112.86667,1100,977,10.5,179,21.5,339,0.792688516,781,0,75.9,7,2.323,9.21,0.0436,45.2,2,1.11,525,406,0.00225268,18.76,1740,19.83271641,7.641621345,0.000600645,1519.203544,0.019073413,0.481097062,0,0.001442118,0.016194914,6.99E-05,0.14731668,1.987579,0.150016098,0.023665061,361.0693013,117395,0.020727149,286,0.0200191
BUFFALO LAKE (NEAR BASHAW) MAIN,2014-07-29,Jul,52.48333,112.86667,1060,964,10.2,159,21.4,340,0.792688516,781,0,76.3,7,2.343,9.17,0.0339,43.3,1.75,0.62,525,400,0.01240711,20.56,1710,25.01075271,7.641621345,0.000600645,1519.203544,0.019073413,0.481097062,0,0.001442118,0.016194914,6.99E-05,0.14731668,1.987579,0.150016098,0.023665061,389.3320618,81884,0.020727149,286,0.0200191
BUFFALO LAKE (NEAR BASHAW) MAIN,2014-08-27,Aug,52.48333,112.86667,1050,936,9.88,172,22.1,338,0.792688516,781,0,76.1,7,2.173,9.15,0.044,42.9,2,1.79,538,409,0.00788068,19.87,1730,23.25706896,7.641621345,0.000600645,1519.203544,0.019073413,0.481097062,0,0.001442118,0.016194914,6.99E-05,0.14731668,1.987579,0.150016098,0.023665061,321.8414985,68960,0.020727149,286,0.0200191
BUFFALO LAKE (NEAR BASHAW) MAIN,2014-09-24,Sep,52.48333,112.86667,1080,923,9.17,195,21.7,317,0.792688516,781,0,71.4,7,2.1017,9.23,0.043,42.3,1.9,2.38,515,406,0.00044,13.82,1710,18.09711934,7.641621345,0.000600645,1519.203544,0.019073413,0.481097062,0,0.001442118,0.016194914,6.99E-05,0.14731668,1.987579,0.150016098,0.023665061,274.3005767,67517,0.020727149,286,0.0200191
CADOTTE LAKE,2015-06-09,Jun,56.44278,116.38944,150,180,47,3,1.8,180,0.623381442,568,0,14,2.5,1.1025,8.43,0.053,2.9,1.9,4.4,6.9,40,0.0005235,19.18,210,23.40595191,11.67575547,5.28E-05,768.6014031,0.006580517,0,0.00026328,0.000158226,0.004375793,0.032176178,0.7533871,1.22048,0.000594506,0.035709672,351.4666704,22888,0.002438547,28,0.17390118
CADOTTE LAKE,2015-08-18,Aug,56.44278,116.38944,120,140,40,2.8,1.6,160,0.623381442,568,0,15,2.5,1.3025,8.5,0.072,2.7,0.65,12,6.4,45,0.00088546,17.29,200,21.35022994,11.67575547,5.28E-05,768.6014031,0.006580517,0,0.00026328,0.000158226,0.004375793,0.032176178,0.7533871,1.22048,0.000594506,0.035709672,301.0138179,56877,0.002438547,28,0.17390118
CADOTTE LAKE,2015-10-15,Sep,56.44278,116.38944,140,160,47,0.25,1.4,180,0.623381442,568,0,15,2.5,1.1025,8.02,0.17,2.7,1.4,9.9,6.4,56,0,6.61,220,15.60238109,11.67575547,5.28E-05,768.6014031,0.006580517,0,0.00026328,0.000158226,0.004375793,0.032176178,0.7533871,1.22048,0.000594506,0.035709672,253.1428571,29165,0.002438547,28,0.17390118
CALLING LAKE,2017-06-16,Jun,55.25,113.33333,94,110,23,3.8,1.7,85,2.672522334,594,0,6.5,17.5,0.6625,8.52,0.022,1.7,2.2,2.4,6.5,3.4,0.01541984,14.7,100,20.32268212,7.876680958,3.26E-05,1225.052059,0.004287007,1.17E-07,0.00004106,6.14E-05,0.003686622,0.13604351,0.55195476,1.145444,0.000753765,0.018931922,334.0912331,96019,0.003711263,67,0.29993232
CALLING LAKE,2017-07-22,Jul,55.25,113.33333,92,110,26,0.25,2.5,94,2.672522334,594,0,7.3,17.5,0.9321,8.26,0.048,1.9,1.7,2.4,6.6,3.7,0.00883066,17.87,110,22.44191102,7.876680958,3.26E-05,1225.052059,0.004287007,1.17E-07,0.00004106,6.14E-05,0.003686622,0.13604351,0.55195476,1.145444,0.000753765,0.018931922,344.1059412,280708,0.003711263,67,0.29993232
CALLING LAKE,2017-10-05,Sep,55.25,113.33333,91,110,26,0.25,1.1,97,2.672522334,594,0,7.5,17.5,1.04,7.93,0.1,2.1,2.7,9.4,6.8,2.6,0,11.34,110,16.23634077,7.876680958,3.26E-05,1225.052059,0.004287007,1.17E-07,0.00004106,6.14E-05,0.003686622,0.13604351,0.55195476,1.145444,0.000753765,0.018931922,247.3215038,46206,0.003711263,67,0.29993232
CAVAN LAKE RESERVOIR,2016-07-06,Jul,49.93333,110.4,270,210,46,61,17,350,0.057222333,805,1,57,3.5,1.825,9.3,0.37,25,1.2,9.6,130,350,0.00400231,20.26,790,25.9193993,14.94926643,0.131100596,6.344129618,0.005957598,0,0,0.004373674,0.014750969,0,0,1.89072,0.016477309,0.013503819,369.0320129,654,0.013546971,1,0.0016962
CAVAN LAKE RESERVOIR,2016-08-25,Aug,49.93333,110.4,260,190,49,63,17,350,0.057222333,805,1,55,3.5,1.5094,9.43,0.75,27,0.3,9.1,140,350,0.00005962,15.11,810,25.0160999,14.94926643,0.131100596,6.344129618,0.005957598,0,0,0.004373674,0.014750969,0,0,1.89072,0.016477309,0.013503819,340.1289978,599,0.013546971,1,0.0016962
COAL LAKE,2013-06-11,Jun,53.05556,113.25278,214,247,31.9,6.9,21.3,130,0.285898088,704,1,12.2,5,1.4797,8.49,0.0606,13.9,1.5,2.9,65,43,0.00057058,15.07,316,20.49583324,8.232601573,0.010694462,1194.074724,0.00676372,0.597356143,0,0.001359572,0.018613278,0,0.09811005,1.176845,0.171930392,0.020646894,352.1955592,83743,0.036006422,381,0.00771968
COAL LAKE,2013-07-09,Jul,53.05556,113.25278,207,245,28.9,2.5,21.7,122,0.285898088,704,1,12.1,5,1.9886,8.4,0.139,14.9,1.8,7.53,65,42.7,0.00361037,21.13,310,22.34408601,8.232601573,0.010694462,1194.074724,0.00676372,0.597356143,0,0.001359572,0.018613278,0,0.09811005,1.176845,0.171930392,0.020646894,374.3483836,103359,0.036006422,381,0.00771968
COAL LAKE,2013-08-21,Aug,53.05556,113.25278,202,231,24.9,7.8,21.3,107,0.285898088,704,1,10.8,5,1.733,8.55,0.236,13.7,1.4,5.67,60.8,38.9,0.00161381,20.44,292,24.13978513,8.232601573,0.010694462,1194.074724,0.00676372,0.597356143,0,0.001359572,0.018613278,0,0.09811005,1.176845,0.171930392,0.020646894,343.4322561,72824,0.036006422,381,0.00771968
COAL LAKE,2013-09-10,Sep,53.05556,113.25278,204,226,26.8,11.3,22.1,116,0.285898088,704,1,11.8,5,2.2049,8.71,0.371,13.8,0.8,9.73,72.4,36.8,0.00177692,19.46,306,21.14999978,8.232601573,0.010694462,1194.074724,0.00676372,0.597356143,0,0.001359572,0.018613278,0,0.09811005,1.176845,0.171930392,0.020646894,298.0800044,17285,0.036006422,381,0.00771968
COW LAKE,2015-06-24,Jun,52.25833,115.01111,130,160,32,1.8,4.5,140,0.691133796,1035,0,15,3,0.8125,8.43,0.008,2.9,2.7,1.3,11,0.5,0.00097978,18.22,150,21.18750048,12.34410848,0,19.44902452,0.020185981,0.006115344,0,0.004854834,0.009673662,0,0.37466671,1.474544,0.060486996,0.024824521,367.253334,1394,0.004575677,2,0.10128376
COW LAKE,2015-07-30,Jul,52.25833,115.01111,140,170,31,0.25,5.7,130,0.691133796,1035,0,13,3,1.8096,8.3,0.014,2.8,1.9,4.6,11,0.5,0.00395722,20.34,150,23.25604844,12.34410848,0,19.44902452,0.020185981,0.006115344,0,0.004854834,0.009673662,0,0.37466671,1.474544,0.060486996,0.024824521,377.3548393,1501,0.004575677,2,0.10128376
COW LAKE,2015-08-24,Aug,52.25833,115.01111,150,180,27,0.25,5.4,110,0.691133796,1035,0,11,3,1.511,8.22,0.02,2.1,1.7,5.4,8.5,0.5,0.00536138,16.19,150,21.97379041,12.34410848,0,19.44902452,0.020185981,0.006115344,0,0.004854834,0.009673662,0,0.37466671,1.474544,0.060486996,0.024824521,350.7096748,1556,0.004575677,2,0.10128376
COW LAKE,2015-10-06,Sep,52.25833,115.01111,150,180,29,2.2,5.4,130,0.691133796,1035,0,13,3,0.757,8.39,0.014,2.5,2.5,6.7,9.4,0.5,0,8.17,160,15.49583316,12.34410848,0,19.44902452,0.020185981,0.006115344,0,0.004854834,0.009673662,0,0.37466671,1.474544,0.060486996,0.024824521,274.2133331,1539,0.004575677,2,0.10128376
CRAWLING VALLEY RESERVOIR,2017-07-19,Jul,50.93333,112.35833,120,150,37,1.5,13,170,0.321174717,784,1,19,15,0.435,8.4,0.026,2.3,2.1,2.6,18,48,0.00287089,21,210,28.54137462,12.73477482,0.023969451,1131.22372,0.014320549,0.644012268,0,0.000331278,0.011606308,0,0.00181377,2.052929,0.020670223,0.019127757,410.3629708,35861,0.00714482,180,0.0109515
CRAWLING VALLEY RESERVOIR,2017-08-02,Aug,50.93333,112.35833,120,150,29,1.2,13,150,0.321174717,784,1,18,15,0.603,8.37,0.021,2,2.8,2.9,17,58,0.00217078,21.6,210,27.21178138,12.73477482,0.023969451,1131.22372,0.014320549,0.644012268,0,0.000331278,0.011606308,0,0.00181377,2.052929,0.020670223,0.019127757,321.3913097,6415,0.00714482,180,0.0109515
CRAWLING VALLEY RESERVOIR,2017-09-01,Sep,50.93333,112.35833,120,140,36,4.9,14,170,0.321174717,784,1,19,15,0.636,8.58,0.05,2.4,1.5,0.79,18,56,0.00278744,19.71,220,20.63188404,12.73477482,0.023969451,1131.22372,0.014320549,0.644012268,0,0.000331278,0.011606308,0,0.00181377,2.052929,0.020670223,0.019127757,302.8684069,21006,0.00714482,180,0.0109515
CRIMSON LAKE,2017-06-18,Jun,52.46111,115.04444,130,160,26,2.4,3.5,130,0.330036167,964,0,16,3,0.9225,8.48,0.013,2,2.3,0.43,7.7,0.5,0.00137408,17.73,140,20.83333397,9.465501785,0,6.812236142,0.020126642,0.038032395,0,0.031234051,0.031863639,0,0.44148119,1.25397,0.013285749,0.056325866,365.2799988,778,0.039323573,0,0.0972269
CRIMSON LAKE,2017-07-17,Jul,52.46111,115.04444,140,170,29,3,3.9,150,0.330036167,964,0,20,3,1.2021,8.48,0.012,2.1,2.1,2.5,8.1,0.5,0.00181368,20.05,150,23.6935482,9.465501785,0,6.812236142,0.020126642,0.038032395,0,0.031234051,0.031863639,0,0.44148119,1.25397,0.013285749,0.056325866,404.3871002,334,0.039323573,0,0.0972269
CRIMSON LAKE,2017-08-17,Aug,52.46111,115.04444,150,170,29,3.6,4.5,150,0.330036167,964,0,19,3,1.1021,8.49,0.017,2.2,1.8,4.5,8.7,0.5,0.0001278,19.43,160,23.17741966,9.465501785,0,6.812236142,0.020126642,0.038032395,0,0.031234051,0.031863639,0,0.44148119,1.25397,0.013285749,0.056325866,335.6387024,136,0.039323573,0,0.0972269
CRIMSON LAKE,2017-09-27,Sep,52.46111,115.04444,150,180,28,1.3,3.8,150,0.330036167,964,0,19,3,1.1021,8.38,0.0098,2.2,2.5,4.7,8.6,0.5,0.00167942,10.63,160,17.40833282,9.465501785,0,6.812236142,0.020126642,0.038032395,0,0.031234051,0.031863639,0,0.44148119,1.25397,0.013285749,0.056325866,275.5200043,536,0.039323573,0,0.0972269
ANTLER LAKE,2017-06-23,Jun,53.49583,112.97917,160,190,33,4.1,29,140,0.217075004,739,0,14,2.9,4.6025,8.5,0.26,27,0.5,5.5,31,25,0.00031816,14.63,260,21.23333359,8.93315397,0.002573854,19.87910755,0.002050018,0.008342873,0,0,0.031627912,0,0.36362087,1.322584,0.296409133,0.023443759,347.5200043,1738,0.111390766,9,0.03474954
ANTLER LAKE,2017-07-31,Jul,53.49583,112.97917,170,140,34,28,31,150,0.217075004,739,0,15,2.9,7.1079,9.28,0.54,28,0.25,8.2,33,23,0.00003171,20.85,270,23.68548393,8.93315397,0.002573854,19.87910755,0.002050018,0.008342873,0,0,0.031627912,0,0.36362087,1.322584,0.296409133,0.023443759,352.4645233,1321,0.111390766,9,0.03474954
ANTLER LAKE,2017-08-23,Aug,53.49583,112.97917,170,170,37,18,33,160,0.217075004,739,0,17,2.9,5.6021,9.12,0.46,32,0.25,3,36,24,0.00041255,18.56,290,23.01612854,8.93315397,0.002573854,19.87910755,0.002050018,0.008342873,0,0,0.031627912,0,0.36362087,1.322584,0.296409133,0.023443759,352.7225647,758,0.111390766,9,0.03474954
ANTLER LAKE,2017-10-04,Sep,53.49583,112.97917,180,220,40,1.2,33,180,0.217075004,739,0,20,2.9,6.8064,8.36,0.39,32,0.25,0.058,43,28,0,5.33,300,17.72500038,8.93315397,0.002573854,19.87910755,0.002050018,0.008342873,0,0,0.031627912,0,0.36362087,1.322584,0.296409133,0.023443759,269.0133362,1251,0.111390766,9,0.03474954
DRIEDMEAT LAKE,2013-06-11,Jun,52.87161,112.75619,224,267,53.1,2.5,25.8,211,0.260932884,685,1,19,4,1.935,8.38,0.222,13.5,2.4,6.51,54.6,73.5,0.00861114,15.94,375,20.82083344,8.148364604,0.005020296,6460.876186,0.013200855,0.601089689,0,0.003013684,0.018656622,0.0008098,0.12277692,1.289438,0.135417668,0.022085001,333.7333298,342520,0.034023806,2141,0.00723746
DRIEDMEAT LAKE,2013-07-09,Jul,52.87161,112.75619,224,257,48.8,7.6,28.7,205,0.260932884,685,1,20.2,4,1.6823,8.47,0.142,12.9,2.2,9.4,57.1,85.2,0.00820989,23.17,388,22.75403214,8.148364604,0.005020296,6460.876186,0.013200855,0.601089689,0,0.003013684,0.018656622,0.0008098,0.12277692,1.289438,0.135417668,0.022085001,379.8064461,359065,0.034023806,2141,0.00723746
DRIEDMEAT LAKE,2013-08-22,Aug,52.87161,112.75619,222,243,41.7,14,27.9,189,0.260932884,685,1,20.7,4,1.6519,8.66,0.329,11.8,1.4,10.4,64.8,73.8,0.00492265,20.52,374,24.90524197,8.148364604,0.005020296,6460.876186,0.013200855,0.601089689,0,0.003013684,0.018656622,0.0008098,0.12277692,1.289438,0.135417668,0.022085001,359.8580666,260403,0.034023806,2141,0.00723746
DRIEDMEAT LAKE,2013-09-12,Sep,52.87161,112.75619,219,229,40.9,18.9,27.9,182,0.260932884,685,1,19.4,4,2.403,8.86,0.377,10.8,0.9,10.1,58.5,67.6,0.00162061,18.98,357,21.54583359,8.148364604,0.005020296,6460.876186,0.013200855,0.601089689,0,0.003013684,0.018656622,0.0008098,0.12277692,1.289438,0.135417668,0.022085001,294.2933311,83343,0.034023806,2141,0.00723746
EAGLE LAKE,2017-06-19,Jun,51,113.31667,420,390,30,63,60,290,0.536715528,924,0,52,4,1.531,9.04,0.16,13,0.5,5.2,210,290,0.00280826,17.79,910,22.81969764,12.14102314,0.011398668,136.621248,0.011503231,0.397942271,0,0.017099777,0.028287977,0,0.00348241,1.298882,0.033016121,0.029313803,348.4606046,10007,0.05990206,106,0.03181351
EAGLE LAKE,2017-07-28,Jul,51,113.31667,390,340,27,64,64,300,0.536715528,924,0,55,4,3.5021,9.15,0.15,14,0.5,7.1,230,310,0.018076,22.41,940,27.2741935,12.14102314,0.011398668,136.621248,0.011503231,0.397942271,0,0.017099777,0.028287977,0,0.00348241,1.298882,0.033016121,0.029313803,419.2375433,6192,0.05990206,106,0.03181351
EAGLE LAKE,2017-08-16,Aug,51,113.31667,390,390,26,41,63,280,0.536715528,924,0,53,4,1.435,8.93,0.14,14,0.5,7.9,230,300,0.00328577,19.42,920,26.63049871,12.14102314,0.011398668,136.621248,0.011503231,0.397942271,0,0.017099777,0.028287977,0,0.00348241,1.298882,0.033016121,0.029313803,331.767739,1826,0.05990206,106,0.03181351
EAGLE LAKE,2017-09-11,Sep,51,113.31667,400,420,28,31,65,300,0.536715528,924,0,57,4,1.654,8.81,0.22,15,0.5,8.2,240,310,0.00070863,18.14,970,19.9984847,12.14102314,0.011398668,136.621248,0.011503231,0.397942271,0,0.017099777,0.028287977,0,0.00348241,1.298882,0.033016121,0.029313803,295.970914,2308,0.05990206,106,0.03181351
ETHEL LAKE (NEAR COLD LAKE),2017-06-28,Jun,54.52972,110.35444,150,180,32,0.25,2.6,140,0.441554319,542,0,15,30.5,0.7425,8.16,0.013,2.3,5.6,2.3,12,1.1,0.02298603,17.21,160,19.77083302,7.501164993,5.45E-05,133.2234765,0.026532646,4.79E-05,0,0.000718323,0.013120691,0.018484012,0.69480159,1.877604,0.043483488,0.047146678,332.1866684,12294,0.020167779,25,0.08504582
ETHEL LAKE (NEAR COLD LAKE),2017-07-25,Jul,54.52972,110.35444,150,180,33,0.25,2.3,150,0.441554319,542,0,15,30.5,0.6521,8.27,0.015,2.5,4.1,2.4,11,0.5,0.02738396,19.78,160,23.50806475,7.501164993,5.45E-05,133.2234765,0.026532646,4.79E-05,0,0.000718323,0.013120691,0.018484012,0.69480159,1.877604,0.043483488,0.047146678,362.0387115,14289,0.020167779,25,0.08504582
ETHEL LAKE (NEAR COLD LAKE),2017-08-23,Aug,54.52972,110.35444,150,180,33,1.2,2.8,150,0.441554319,542,0,16,30.5,0.6221,8.39,0.012,2.5,4,3.2,12,0.5,0.0151358,18.79,160,21.73790359,7.501164993,5.45E-05,133.2234765,0.026532646,4.79E-05,0,0.000718323,0.013120691,0.018484012,0.69480159,1.877604,0.043483488,0.047146678,317.0064468,6234,0.020167779,25,0.08504582
ETHEL LAKE (NEAR COLD LAKE),2017-09-11,Sep,54.52972,110.35444,160,200,35,0.62,2.9,150,0.441554319,542,0,16,30.5,0.6821,8.33,0.032,2.7,2.9,3.5,14,0.5,0.02345735,17.87,170,17.02499962,7.501164993,5.45E-05,133.2234765,0.026532646,4.79E-05,0,0.000718323,0.013120691,0.018484012,0.69480159,1.877604,0.043483488,0.047146678,261.7866669,4542,0.020167779,25,0.08504582
FORTY MILE COULEE,2013-06-18,Jun,49.55,111.2,160,190,45,3.1,4,210,0.198443391,810,1,23,17,0.76,8.45,0.008,5.4,2.3,0.51,52,140,0.00155552,16.27,370,22.84000015,12.15845884,0.012418036,653.9844057,0.004612154,0.891084728,0,9.84E-06,0.010774368,0,0.00036226,0.905269,0.008877533,0.012912414,394.4746643,48363,0.010174853,154,0.00152046
FORTY MILE COULEE,2013-07-16,Jul,49.55,111.2,150,190,41,1.5,4.4,200,0.198443391,810,1,25,17,0.61,8.35,0.0067,5.5,3.7,0.37,54,150,0.00880614,19.47,370,25.91935463,12.15845884,0.012418036,653.9844057,0.004612154,0.891084728,0,9.84E-06,0.010774368,0,0.00036226,0.905269,0.008877533,0.012912414,390.9367737,47180,0.010174853,154,0.00152046
FORTY MILE COULEE,2013-08-13,Aug,49.55,111.2,150,170,40,5,4.8,190,0.198443391,810,1,23,17,0.46,8.56,0.0068,5.6,4.6,0.74,49,160,0.01033436,20.63,370,28.53870964,12.15845884,0.012418036,653.9844057,0.004612154,0.891084728,0,9.84E-06,0.010774368,0,0.00036226,0.905269,0.008877533,0.012912414,379.1690247,17924,0.010174853,154,0.00152046
FORTY MILE COULEE,2013-09-10,Sep,49.55,111.2,150,180,34,0.25,4.8,170,0.198443391,810,1,22,17,0.373,8.09,0.008,4.9,4.6,0.78,48,100,0.00937802,19.58,310,23.22999954,12.15845884,0.012418036,653.9844057,0.004612154,0.891084728,0,9.84E-06,0.010774368,0,0.00036226,0.905269,0.008877533,0.012912414,282.6880005,33617,0.010174853,154,0.00152046
GHOST LAKE RESERVOIR,2015-07-27,Jul,51.20833,114.72222,100,120,39,0.25,1.8,150,0.223547697,1192,1,12,21,0.15,8.21,0.0041,0.4,3.2,3.4,1.9,33,0.00623574,16.62,150,24.33002472,12.86141435,0.011462848,6454.162718,0.001205027,0.000488048,0.02397893,0.00520858,0.006175355,0.014376416,0.62579354,20.314795,0.007251822,0.008924865,393.3776668,392307,0.003288465,939,0.00755293
GLENIFFER LAKE (DICKSON RESERVOIR),2014-06-26,Jun,52.02944,114.26417,159,190,43.8,2.5,1.01,159,0.406061821,949,1,12.1,21.5,0.2784,8.39,0.0378,1.16,0.3,7.19,4.2,20.5,0.00684709,16.72,179,19.06666675,7.439049256,0.003421317,5559.864175,0.005638025,0.083393969,0.01528242,0.000483744,0.00957169,0.102907394,0.67951155,10.399435,0.066823945,0.017809287,350.9445608,691599,0.008158884,2046,0.01584203
GLENIFFER LAKE (DICKSON RESERVOIR),2014-07-23,Jul,52.02944,114.26417,164,195,48,2.5,0.78,179,0.406061821,949,1,14.3,21.5,0.0715,8.38,0.005,0.97,5.6,6.06,4,27.9,0.01895471,20.52,195,24.68421053,7.439049256,0.003421317,5559.864175,0.005638025,0.083393969,0.01528242,0.000483744,0.00957169,0.102907394,0.67951155,10.399435,0.066823945,0.017809287,403.1728403,347129,0.008158884,2046,0.01584203
GLENIFFER LAKE (DICKSON RESERVOIR),2014-08-20,Aug,52.02944,114.26417,161,180,46.8,8,0.81,179,0.406061821,949,1,15,21.5,0.0672,8.62,0.0052,0.93,3.5,5.2,4.3,30.5,0.00379199,20.09,195,22.29286947,7.439049256,0.003421317,5559.864175,0.005638025,0.083393969,0.01528242,0.000483744,0.00957169,0.102907394,0.67951155,10.399435,0.066823945,0.017809287,324.5365071,551729,0.008158884,2046,0.01584203
GLENIFFER LAKE (DICKSON RESERVOIR),2014-10-01,Sep,52.02944,114.26417,152,186,47.8,2.5,0.76,177,0.406061821,949,1,14.1,21.5,0.1154,8.11,0.0026,0.98,2.4,5.97,4,31.8,0.00226994,13.45,191,18.0385963,7.439049256,0.003421317,5559.864175,0.005638025,0.083393969,0.01528242,0.000483744,0.00957169,0.102907394,0.67951155,10.399435,0.066823945,0.017809287,280.7466704,483682,0.008158884,2046,0.01584203
GOODFISH LAKE,2016-06-02,Jun,54.28236,111.81985,290,330,28,9.8,8.2,280,0.436538998,581,0,52,15,1.4025,8.55,0.024,19,2,4.3,66,120,0.01773173,15.89,470,22.19583321,11.25286738,0.000358048,154.5435358,0.030585269,0.027562383,0,0,0.01214802,0.009597025,0.46184879,1.494906,0.234084964,0.024555405,375.3466606,8607,0.017578217,19,0.11322352
GOODFISH LAKE,2016-07-07,Jul,54.28236,111.81985,290,310,29,20,8.2,290,0.436538998,581,0,52,15,1.4025,8.78,0.03,20,1.9,3.6,67,120,0.01726417,19.72,470,23.50000024,11.25286738,0.000358048,154.5435358,0.030585269,0.027562383,0,0,0.01214802,0.009597025,0.46184879,1.494906,0.234084964,0.024555405,338.3483887,14888,0.017578217,19,0.11322352
GOODFISH LAKE,2016-08-30,Aug,54.28236,111.81985,300,300,28,31,8.3,290,0.436538998,581,0,53,15,1.7025,8.96,0.048,20,1,4.9,70,120,0.00306713,17.46,480,22.43346786,11.25286738,0.000358048,154.5435358,0.030585269,0.027562383,0,0,0.01214802,0.009597025,0.46184879,1.494906,0.234084964,0.024555405,309.7161331,10714,0.017578217,19,0.11322352
GOODFISH LAKE,2016-09-28,Sep,54.28236,111.81985,300,330,28,21,8.6,290,0.436538998,581,0,53,15,1.8025,8.78,0.043,20,1.5,5.3,71,130,0.00014439,12.74,500,16.74166703,11.25286738,0.000358048,154.5435358,0.030585269,0.027562383,0,0,0.01214802,0.009597025,0.46184879,1.494906,0.234084964,0.024555405,253.9733295,5161,0.017578217,19,0.11322352
BAPTISTE LAKE (NORTH),2017-06-20,Jun,54.78333,113.55,170,210,42,0.25,4.2,160,0.273032006,579,0,14,16.5,1.36,8.33,0.076,6,3.1,2.2,31,16,0.02453055,19.07,220,20.6833334,8.511111056,0.000141552,298.1796575,0.005546685,0.071342961,0,0.000202922,0.008008088,0.046997083,0.65715457,1.828302,0.099441709,0.027952905,352.3999863,29232,0.011264475,51,0.13243349
BAPTISTE LAKE (NORTH),2017-07-19,Jul,54.78333,113.55,170,190,37,8.9,4.5,150,0.273032006,579,0,13,16.5,1.523,8.57,0.086,5.3,3,3.6,28,13,0.02025534,19.76,210,22.90322495,8.511111056,0.000141552,298.1796575,0.005546685,0.071342961,0,0.000202922,0.008008088,0.046997083,0.65715457,1.828302,0.099441709,0.027952905,355.1225739,29232,0.011264475,51,0.13243349
BAPTISTE LAKE (NORTH),2017-08-16,Aug,54.78333,113.55,170,200,37,3.8,4.5,150,0.273032006,579,0,13,16.5,1.414,8.46,0.095,5.3,1.9,5.2,26,11,0.01703273,20.56,200,22.02016163,8.511111056,0.000141552,298.1796575,0.005546685,0.071342961,0,0.000202922,0.008008088,0.046997083,0.65715457,1.828302,0.099441709,0.027952905,336.5935593,29232,0.011264475,51,0.13243349
BAPTISTE LAKE (NORTH),2017-09-27,Sep,54.78333,113.55,180,210,40,0.25,4.1,160,0.273032006,579,0,14,16.5,1.746,8.2,0.16,5.3,2,6,27,12,0.00404536,13.64,210,16.89166641,8.511111056,0.000141552,298.1796575,0.005546685,0.071342961,0,0.000202922,0.008008088,0.046997083,0.65715457,1.828302,0.099441709,0.027952905,258,29232,0.011264475,51,0.13243349
GREGOIRE LAKE,2017-06-26,Jun,56.44444,111.09722,58,71,19,0.25,3,70,0.884615302,476,0,5.3,7,0.7125,7.81,0.022,1.3,1.5,2.6,4.3,9.9,0.00131007,16.48,80,21.04230785,7.718617369,0,254.3179176,0.011451109,0,0.00002061,0.001243981,0.007104702,0.002714704,0.68910964,2.27857,0.002239398,0.02266886,328.0492307,21494,0.009974074,23,0.14011948
GREGOIRE LAKE,2017-07-26,Jul,56.44444,111.09722,62,71,21,1.8,3.3,76,0.884615302,476,0,5.8,7,1.2021,8.62,0.032,1.6,0.75,4.1,4.9,9,0.00895767,19.8,87,24.22518598,7.718617369,0,254.3179176,0.011451109,0,0.00002061,0.001243981,0.007104702,0.002714704,0.68910964,2.27857,0.002239398,0.02266886,341.2208451,12815,0.009974074,23,0.14011948
GREGOIRE LAKE,2017-08-23,Aug,56.44444,111.09722,63,77,21,0.25,3.5,76,0.884615302,476,0,5.8,7,1.003,7.93,0.034,1.4,1.1,6.8,4.8,8.6,0.0001477,17.3,90,23.34801483,7.718617369,0,254.3179176,0.011451109,0,0.00002061,0.001243981,0.007104702,0.002714704,0.68910964,2.27857,0.002239398,0.02266886,311.4481412,11502,0.009974074,23,0.14011948
GREGOIRE LAKE,2017-09-24,Sep,56.44444,111.09722,64,78,22,0.25,3.1,79,0.884615302,476,0,5.9,7,0.7921,7.89,0.026,1.5,1.8,1.2,4.6,8.2,0,9.67,85,17.47243595,7.718617369,0,254.3179176,0.011451109,0,0.00002061,0.001243981,0.007104702,0.002714704,0.68910964,2.27857,0.002239398,0.02266886,229.9692283,14222,0.009974074,23,0.14011948
GULL LAKE,2011-07-06,Jul,52.53333,113.98333,673,628,11.2,94.9,6.58,273,1.533051051,899,0,59.4,7.5,1.503,9.13,0.0402,18.6,2.4,3.62,181,79.2,0.00942506,19.46,760,21.44779276,7.242267957,0.00699067,257.6157615,0.015806232,0.317611019,0,0.002428768,0.016347374,0.010513125,0.14314766,1.278699,0.096101891,0.017091665,344.7551784,41560,0.04505649,75,0.03549391
GULL LAKE,2011-08-09,Aug,52.53333,113.98333,638,570,11.8,102,6.66,278,1.533051051,899,0,60.3,7.5,1.393,9.18,0.0406,19.7,2,1.6,187,77.1,0.00362941,19.73,746,21.91893025,7.242267957,0.00699067,257.6157615,0.015806232,0.317611019,0,0.002428768,0.016347374,0.010513125,0.14314766,1.278699,0.096101891,0.017091665,343.8397285,13597,0.04505649,75,0.03549391
GULL LAKE,2011-09-13,Sep,52.53333,113.98333,646,592,11.2,96.2,6.93,269,1.533051051,899,0,58.5,7.5,1.573,9.16,0.0346,20.8,2.1,2.59,195,76.3,0,16.4,757,21.03859655,7.242267957,0.00699067,257.6157615,0.015806232,0.317611019,0,0.002428768,0.016347374,0.010513125,0.14314766,1.278699,0.096101891,0.017091665,305.0975454,2623,0.04505649,75,0.03549391
HALF MOON LAKE,2017-06-07,Jun,53.46083,113.0908,180,210,24,4.3,26,130,0.088460371,738,0,18,8,2.7025,8.61,0.086,19,0.75,0.025,40,2.9,0.02631663,18.47,240,21.1833,8.919169967,0,3.085004864,0,0,0,0,0.048511931,0,0.51192703,1.840831,0.212660872,0.032078468,326.7200012,284,0.174196954,0,0.01293626
HALF MOON LAKE,2017-07-05,Jul,53.46083,113.0908,190,200,24,13,25,140,0.088460371,738,0,19,8,2.9025,8.96,0.071,20,0.6,0.22,44,3.7,0.03505805,21.36,250,23.5967999,8.919169967,0,3.085004864,0,0,0,0,0.048511931,0,0.51192703,1.840831,0.212660872,0.032078468,358.0899963,260,0.174196954,0,0.01293626
HALF MOON LAKE,2017-08-03,Aug,53.46083,113.0908,190,200,22,15,25,130,0.088460371,738,0,18,8,2.6021,9,0.071,18,0.7,0.55,42,3.6,0.02260664,20.22,240,23.0323009,8.919169967,0,3.085004864,0,0,0,0,0.048511931,0,0.51192703,1.840831,0.212660872,0.032078468,332.5939941,111,0.174196954,0,0.01293626
HALF MOON LAKE,2017-09-06,Sep,53.46083,113.0908,190,210,24,11,26,140,0.088460371,738,0,19,8,2.7021,8.66,0.072,22,0.6,0.19,47,3.6,0.00967017,18.07,250,17.7166996,8.919169967,0,3.085004864,0,0,0,0,0.048511931,0,0.51192703,1.840831,0.212660872,0.032078468,255.0399933,231,0.174196954,0,0.01293626
HAUNTED LAKE (NEAR ALIX),2017-06-18,Jun,52.40444,113.15917,530,480,16,85,40,210,0.14722187,788,0,40,3,3.8025,9.28,0.13,40,0.25,4.5,220,78,0.01045653,19.77,750,21.49166679,9.921146731,0.000563924,44.87817326,0.023301634,0.475372554,0,0.004569386,0.024132232,0,0.08804421,1.860809,0.229203934,0.04206401,359.0399933,3591,0.035017091,8,0.01866999
HAUNTED LAKE (NEAR ALIX),2017-07-31,Jul,52.40444,113.15917,590,460,14,130,45,190,0.14722187,788,0,38,3,3.3021,9.49,0.17,37,0.25,9.6,210,79,0.00736403,21.24,780,24.8467741,9.921146731,0.000563924,44.87817326,0.023301634,0.475372554,0,0.004569386,0.024132232,0,0.08804421,1.860809,0.229203934,0.04206401,392.4129028,1684,0.035017091,8,0.01866999
HAUNTED LAKE (NEAR ALIX),2017-08-16,Aug,52.40444,113.15917,590,500,16,110,49,220,0.14722187,788,0,44,3,3.7021,9.32,0.19,44,0.3,12,230,82,0.00119209,18.99,830,24.61290359,9.921146731,0.000563924,44.87817326,0.023301634,0.475372554,0,0.004569386,0.024132232,0,0.08804421,1.860809,0.229203934,0.04206401,325.522583,1186,0.035017091,8,0.01866999
HAUNTED LAKE (NEAR ALIX),2017-09-15,Sep,52.40444,113.15917,620,560,18,99,54,250,0.14722187,788,0,51,3,4.1021,9.18,0.14,48,0.4,14,260,74,0.0004223,13.49,890,18.50833321,9.921146731,0.000563924,44.87817326,0.023301634,0.475372554,0,0.004569386,0.024132232,0,0.08804421,1.860809,0.229203934,0.04206401,277.6533356,1787,0.035017091,8,0.01866999
HUTCH LAKE,2017-07-19,Jul,58.76111,117.33719,160,170,73,13,13,320,0.218034657,329,1,32,7,2.9021,8.68,0.095,4.8,1.1,7.5,42,200,0.00926137,20.95,470,24.57661295,7.908400675,0.024410006,234.4425196,0.001605129,0,0.00205922,0.000118059,0.008326873,0.224765413,0.68654706,1.316072,0,0.010797023,328.4645195,14354,0.000540703,17,0.27564764
HUTCH LAKE,2017-08-09,Aug,58.76111,117.33719,160,170,74,12,13,330,0.218034657,329,1,34,7,3.6021,8.69,0.2,4.9,0.2,9.4,44,190,0.00877912,21.49,470,24.75,7.908400675,0.024410006,234.4425196,0.001605129,0,0.00205922,0.000118059,0.008326873,0.224765413,0.68654706,1.316072,0,0.010797023,313.8967705,12867,0.000540703,17,0.27564764
HUTCH LAKE,2017-09-26,Sep,58.76111,117.33719,170,210,82,0.25,14,350,0.218034657,329,1,35,7,1.898,8.13,0.056,5.1,1.4,5.2,46,190,0.00003612,12.19,480,18.87708354,7.908400675,0.024410006,234.4425196,0.001605129,0,0.00205922,0.000118059,0.008326873,0.224765413,0.68654706,1.316072,0,0.010797023,216.9333344,1050,0.000540703,17,0.27564764
ISLAND LAKE,2017-06-12,Jun,54.83333,113.51667,230,260,30,7.2,12,170,0.209943104,600,0,22,8,1.2025,8.42,0.018,11,3.3,0.23,39,5,0.00222897,18.07,260,20.53333314,8.310723048,0.000839879,45.49257755,0.005244339,0.099205685,0,0.000807775,0.018355784,0.025202789,0.44414338,2.091749,0.182219574,0.031824432,345.2622223,4270,0.043181253,25,0.02775409
ISLAND LAKE,2017-07-10,Jul,54.83333,113.51667,220,250,25,8.4,11,150,0.209943104,600,0,21,8,1.1021,8.55,0.014,11,3.1,1.1,43,4.6,0.02261596,21.51,250,22.77150536,8.310723048,0.000839879,45.49257755,0.005244339,0.099205685,0,0.000807775,0.018355784,0.025202789,0.44414338,2.091749,0.182219574,0.031824432,351.5526784,8698,0.043181253,25,0.02775409
ISLAND LAKE,2017-08-20,Aug,54.83333,113.51667,210,250,28,3.6,10,160,0.209943104,600,0,22,8,1.2021,8.44,0.018,11,1.3,2,40,4.4,0.00057087,19.26,250,21.82526875,8.310723048,0.000839879,45.49257755,0.005244339,0.099205685,0,0.000807775,0.018355784,0.025202789,0.44414338,2.091749,0.182219574,0.031824432,330.167745,1799,0.043181253,25,0.02775409
ISLAND LAKE,2017-09-22,Sep,54.83333,113.51667,220,270,28,0.25,11,170,0.209943104,600,0,23,8,1.2086,8.25,0.022,11,3.3,2,44,5.1,0,12.37,260,16.69444497,8.310723048,0.000839879,45.49257755,0.005244339,0.099205685,0,0.000807775,0.018355784,0.025202789,0.44414338,2.091749,0.182219574,0.031824432,258.3111165,2108,0.043181253,25,0.02775409
ISLE LAKE,2012-06-19,Jun,53.63333,114.73333,184,216,31.9,2.5,9.92,121,0.432455198,730,0,10,6.5,1.5561,8.42,0.0883,10,2.75,7.89,32.2,12,0.00065464,17.25,217,20.61428551,10.29091133,0.000218558,277.5683655,0.008362136,0.025683925,0,0.007156654,0.016866603,0.003907121,0.40081047,2.114734,0.371586055,0.034784433,354.036826,18679,0.030157321,110,0.07655695
ISLE LAKE,2012-07-16,Jul,53.63333,114.73333,165,176,28.1,12.4,9.98,116,0.432455198,730,0,11.1,6.5,2.593,8.73,0.14,9.57,0.9,10.3,32.5,11.3,0.03311185,21.17,202,24.62980043,10.29091133,0.000218558,277.5683655,0.008362136,0.025683925,0,0.007156654,0.016866603,0.003907121,0.40081047,2.114734,0.371586055,0.034784433,325.1514631,55787,0.030157321,110,0.07655695
ISLE LAKE,2012-08-20,Aug,53.63333,114.73333,163,130,23.1,33.9,10.2,93.6,0.432455198,730,0,8.72,6.5,4.883,9.37,0.486,8.69,0.9,11.4,28.7,8.84,0.03459907,22.6,186,23.64900144,10.29091133,0.000218558,277.5683655,0.008362136,0.025683925,0,0.007156654,0.016866603,0.003907121,0.40081047,2.114734,0.371586055,0.034784433,340.4092175,14181,0.030157321,110,0.07655695
ISLE LAKE,2012-09-24,Sep,53.63333,114.73333,170,189,29.1,9.1,10.1,118,0.432455198,730,0,11,6.5,2.553,8.7,0.272,9.69,1.3,11.6,32.1,9.22,0.00509295,15.3,203,20.53730138,10.29091133,0.000218558,277.5683655,0.008362136,0.025683925,0,0.007156654,0.016866603,0.003907121,0.40081047,2.114734,0.371586055,0.034784433,282.4990481,12042,0.030157321,110,0.07655695
JACKFISH LAKE (NEAR CARVEL),2017-06-18,Jun,53.47917,114.25556,120,150,110,1.4,6,580,0.136041385,730,0,72,9,1.4025,8.38,0.031,26,2.5,0.29,30,470,0.02751056,18.87,790,21.375,9.68431895,0,15.65455661,0.000849124,0.193751608,0,0,0.028266559,0,0.29547524,2.614441,0.151242842,0.045645297,365.813324,1236,0.159335906,5,0.00755686
JACKFISH LAKE (NEAR CARVEL),2017-07-19,Jul,53.47917,114.25556,120,150,120,0.25,6.5,620,0.136041385,730,0,77,9,1.3021,8.16,0.031,27,1.75,0.79,30,480,0.01761121,20.4,820,23.91129017,9.68431895,0,15.65455661,0.000849124,0.193751608,0,0,0.028266559,0,0.29547524,2.614441,0.151242842,0.045645297,360.1032257,1300,0.159335906,5,0.00755686
JACKFISH LAKE (NEAR CARVEL),2017-08-28,Aug,53.47917,114.25556,130,160,120,0.25,5.6,640,0.136041385,730,0,83,9,1.6021,8.14,0.041,28,1.75,2.1,33,480,0.00607345,19.68,830,23.23387051,9.68431895,0,15.65455661,0.000849124,0.193751608,0,0,0.028266559,0,0.29547524,2.614441,0.151242842,0.045645297,333.6258087,590,0.159335906,5,0.00755686
JACKFISH LAKE (NEAR CARVEL),2017-09-27,Sep,53.47917,114.25556,130,160,120,0.25,5.6,630,0.136041385,730,0,79,9,1.8021,8.04,0.064,28,1.5,1.9,33,500,0.00249952,12.7,850,17.9416666,9.68431895,0,15.65455661,0.000849124,0.193751608,0,0,0.028266559,0,0.29547524,2.614441,0.151242842,0.045645297,262.9866638,1400,0.159335906,5,0.00755686
BAPTISTE LAKE (SOUTH),2017-06-20,Jun,54.75,113.55,170,200,44,3.5,4.4,170,0.460663919,579,0,15,26,1.47,8.53,0.072,6.3,3,2.5,31,16,0.01950272,19.56,220,20.7,8.542365416,0.000141552,298.1796575,0.005546685,0.071342961,0,0.000202922,0.008008088,0.046997083,0.65715457,1.828302,0.099441709,0.027952905,350.8480042,29232,0.011264475,51,0.13243349
BAPTISTE LAKE (SOUTH),2017-07-19,Jul,54.75,113.55,170,180,36,13,4.6,140,0.460663919,579,0,13,26,1.733,8.71,0.056,5.1,3.3,3,26,14,0.03525436,20.24,200,22.92580643,8.542365416,0.000141552,298.1796575,0.005546685,0.071342961,0,0.000202922,0.008008088,0.046997083,0.65715457,1.828302,0.099441709,0.027952905,352.4748291,51680,0.011264475,51,0.13243349
BAPTISTE LAKE (SOUTH),2017-08-16,Aug,54.75,113.55,160,190,39,5.3,4.1,150,0.460663919,579,0,13,26,1.427,8.55,0.064,5.6,2.2,4.7,27,12,0.01950059,20.09,200,22.00967751,8.542365416,0.000141552,298.1796575,0.005546685,0.071342961,0,0.000202922,0.008008088,0.046997083,0.65715457,1.828302,0.099441709,0.027952905,336.2270996,11781,0.011264475,51,0.13243349
BAPTISTE LAKE (SOUTH),2017-09-27,Sep,54.75,113.55,170,210,40,0.25,4,160,0.460663919,579,0,14,26,1.532,8.32,0.08,5.5,2,4.4,28,13,0.00632997,12.95,210,16.96666641,8.542365416,0.000141552,298.1796575,0.005546685,0.071342961,0,0.000202922,0.008008088,0.046997083,0.65715457,1.828302,0.099441709,0.027952905,258.752002,15033,0.011264475,51,0.13243349
KEHO LAKE RESERVOIR,2016-06-28,Jun,49.95,112.98333,140,160,38,4.4,1.8,160,0.739243513,958,1,16,5.5,0.1525,8.52,0.0068,0.94,1.9,2.5,11,34,0.00319023,17.85,190,24.12395835,15.0636312,0.001848211,75.7599857,0.004024,0.518542465,0,0.004978295,0.010906949,0,0.00467957,0.803437,0.062996815,0.017009057,429.7066689,3763,0.010050968,5,0.02971367
KEHO LAKE RESERVOIR,2016-07-26,Jul,49.95,112.98333,120,140,29,4.6,1.5,120,0.739243513,958,1,12,5.5,0.1725,8.55,0.009,3,1.9,3.8,29,31,0.00703139,20.53,180,24.61693573,15.0636312,0.001848211,75.7599857,0.004024,0.518542465,0,0.004978295,0.010906949,0,0.00467957,0.803437,0.062996815,0.017009057,354.8387051,6511,0.010050968,5,0.02971367
KEHO LAKE RESERVOIR,2016-08-29,Aug,49.95,112.98333,120,140,35,2.6,1.1,140,0.739243513,958,1,14,5.5,0.2425,8.45,0.011,2.2,1.2,5.2,20,29,0.00139407,16.49,180,24.33669341,15.0636312,0.001848211,75.7599857,0.004024,0.518542465,0,0.004978295,0.010906949,0,0.00467957,0.803437,0.062996815,0.017009057,356.2709694,3917,0.010050968,5,0.02971367
KEHO LAKE RESERVOIR,2016-09-27,Sep,49.95,112.98333,130,150,34,1.6,1.9,140,0.739243513,958,1,14,5.5,0.2625,8.4,0.017,1,0.8,5.9,8.7,30,0.00018528,12.35,170,19.39999962,15.0636312,0.001848211,75.7599857,0.004024,0.518542465,0,0.004978295,0.010906949,0,0.00467957,0.803437,0.062996815,0.017009057,300.2733307,2264,0.010050968,5,0.02971367
LAC STE. ANNE,2012-06-26,Jun,53.70972,114.4,177,196,24.4,9.7,7.41,108,0.731515818,724,0,11.5,9,0.995,8.61,0.0494,10.2,2.5,1.28,28.9,5.55,0.00495156,18.5,194,20.83301306,10.02077817,0.000708462,730.7348575,0.014242406,0.025772251,0,0.00442238,0.018223218,0.003050334,0.41504796,1.221566,0.327915984,0.03160366,361.5979497,20958,0.035970785,321,0.06059295
LAC STE. ANNE,2012-07-16,Jul,53.70972,114.4,163,179,22.6,10,7.75,109,0.731515818,724,0,12.8,9,1.733,8.68,0.0667,10.6,1.75,3.66,30.1,5.08,0.01674257,21.37,187,24.49689814,10.02077817,0.000708462,730.7348575,0.014242406,0.025772251,0,0.00442238,0.018223218,0.003050334,0.41504796,1.221566,0.327915984,0.03160366,323.5930551,80223,0.035970785,321,0.06059295
LAC STE. ANNE,2012-08-20,Aug,53.70972,114.4,150,144,15.4,19,7.9,80,0.731515818,724,0,10.1,9,3.333,9.1,0.245,9.83,0.25,6.21,28.8,4.57,0.01950013,21.53,167,23.59832555,10.02077817,0.000708462,730.7348575,0.014242406,0.025772251,0,0.00442238,0.018223218,0.003050334,0.41504796,1.221566,0.327915984,0.03160366,338.6263093,17367,0.035970785,321,0.06059295
LAC STE. ANNE,2012-09-24,Sep,53.70972,114.4,166,192,25.4,5.2,8.18,120,0.731515818,724,0,13.7,9,1.6085,8.53,0.0818,11.4,2.5,11.4,31.4,6.4,0.0056707,15.76,197,20.36506425,10.02077817,0.000708462,730.7348575,0.014242406,0.025772251,0,0.00442238,0.018223218,0.003050334,0.41504796,1.221566,0.327915984,0.03160366,281.6451305,14144,0.035970785,321,0.06059295
LACOMBE LAKE,2017-06-26,Jun,52.43278,113.7975,210,250,27,6.1,26,190,0.133655919,856,0,31,3.5,1.2025,8.51,0.017,10,1.6,1.9,31,12,0.00111893,19.33,270,21.23333359,9.836021304,0,19.01546379,0.00615643,0.341117601,0,0.002869403,0.041873064,0,0.18061208,2.411063,0.113100151,0.042666387,361.706665,1441,0.169566012,3,0.00552864
LACOMBE LAKE,2017-07-17,Jul,52.43278,113.7975,220,260,28,3.6,26,200,0.133655919,856,0,32,3.5,1.3021,8.42,0.052,11,1.6,5.1,34,12,0.00030007,21.13,280,24.29032326,9.836021304,0,19.01546379,0.00615643,0.341117601,0,0.002869403,0.041873064,0,0.18061208,2.411063,0.113100151,0.042666387,383.5870972,856,0.169566012,3,0.00552864
LACOMBE LAKE,2017-08-09,Aug,52.43278,113.7975,220,250,21,8.2,27,170,0.133655919,856,0,29,3.5,1.4021,8.58,0.017,11,1.4,6.8,31,15,0.00261337,21.03,270,24.22580719,9.836021304,0,19.01546379,0.00615643,0.341117601,0,0.002869403,0.041873064,0,0.18061208,2.411063,0.113100151,0.042666387,329.8064575,557,0.169566012,3,0.00552864
LACOMBE LAKE,2017-09-12,Sep,52.43278,113.7975,230,260,21,9.2,28,180,0.133655919,856,0,31,3.5,1.2021,8.6,0.019,11,1.2,9.4,34,14,0,16.91,290,18.18333244,9.836021304,0,19.01546379,0.00615643,0.341117601,0,0.002869403,0.041873064,0,0.18061208,2.411063,0.113100151,0.042666387,274.3466797,896,0.169566012,3,0.00552864
LAKE MCGREGOR,2013-07-09,Jul,50.41667,112.86667,130,160,48,2.5,9.6,200,0.513665728,873,1,18,9,0.211,8.37,0.0067,2.1,1.5,2.2,22,91,0.00089319,20.03,270,24.20501802,10.60633207,0.051105441,1016.88958,0.008831149,0.702238311,0,0.000137571,0.010898667,0,0.00192677,1.840988,0.020671609,0.017628776,375.8336914,53451,0.009995303,187,0.00251114
LAKE MCGREGOR,2013-08-19,Aug,50.41667,112.86667,130,160,48,0.67,11,190,0.513665728,873,1,18,9,0.229,8.33,0.021,2.9,1.8,4.3,23,67,0.00397468,21.1,250,27.04731212,10.60633207,0.051105441,1016.88958,0.008831149,0.702238311,0,0.000137571,0.010898667,0,0.00192677,1.840988,0.020671609,0.017628776,384.8716905,17101,0.009995303,187,0.00251114
LAKE MCGREGOR,2013-09-04,Sep,50.41667,112.86667,140,170,45,0.25,10,190,0.513665728,873,1,18,9,0.294,8.16,0.0057,2,2.4,4.9,19,72,0.00547192,19.69,250,22.79703755,10.60633207,0.051105441,1016.88958,0.008831149,0.702238311,0,0.000137571,0.010898667,0,0.00192677,1.840988,0.020671609,0.017628776,297.1804443,36995,0.009995303,187,0.00251114
LAKE NEWELL,2013-07-12,Jul,50.43333,111.91667,130,160,40,0.25,11,170,0.443026905,768,1,17,15,0.285,8.3,0.0095,1.7,4.5,2.1,16,49,0.00231684,21.18,220,25.02725276,10.85912429,0.412064286,151.9282603,0.015460243,0.00626244,0,0.002281732,0.011509393,0,0.01450616,0.673443,0.006522331,0.033730385,377.7032239,8587,0.002814787,25,0.02422797
LAKE NEWELL,2013-08-20,Aug,50.43333,111.91667,120,150,44,0.61,12,180,0.443026905,768,1,18,15,0.173,8.34,0.0071,2,3.6,3,17,52,0.0010375,20.99,220,27.75055612,10.85912429,0.412064286,151.9282603,0.015460243,0.00626244,0,0.002281732,0.011509393,0,0.01450616,0.673443,0.006522331,0.033730385,382.6349287,2279,0.002814787,25,0.02422797
LAKE NEWELL,2013-09-09,Sep,50.43333,111.91667,120,150,43,0.25,12,180,0.443026905,768,1,18,15,0.249,8.2,0.009,2,3.4,2.9,17,55,0.00116076,20.03,220,23.26752867,10.85912429,0.412064286,151.9282603,0.015460243,0.00626244,0,0.002281732,0.011509393,0,0.01450616,0.673443,0.006522331,0.033730385,296.459771,4251,0.002814787,25,0.02422797
LAURIER LAKE,2017-06-15,Jun,53.85889,110.50917,450,470,28,38,18,370,0.290255759,568,0,72,9.5,2.0025,8.8,0.043,27,2.5,0.36,85,92,0.02033713,17.9,590,20.7861112,8.266427848,0.000334493,130.1282702,0.02805413,0.194448346,0,0.007550262,0.021591955,0,0.45051579,1.823651,0.219860071,0.033952226,327.8044434,12129,0.02678305,37,0.02941353
LAURIER LAKE,2017-07-07,Jul,53.85889,110.50917,450,480,30,36,17,410,0.290255759,568,0,80,9.5,2.9021,8.84,0.061,31,0.9,3.8,93,91,0.02341829,20.81,620,24.00268809,8.266427848,0.000334493,130.1282702,0.02805413,0.194448346,0,0.007550262,0.021591955,0,0.45051579,1.823651,0.219860071,0.033952226,370.3053741,11191,0.02678305,37,0.02941353
LAURIER LAKE,2017-08-18,Aug,53.85889,110.50917,460,480,30,40,17,380,0.290255759,568,0,74,9.5,2.4047,8.85,0.055,27,1.3,6.9,84,91,0.00210853,20.2,610,22.67473125,8.266427848,0.000334493,130.1282702,0.02805413,0.194448346,0,0.007550262,0.021591955,0,0.45051579,1.823651,0.219860071,0.033952226,335.346227,5410,0.02678305,37,0.02941353
LAURIER LAKE,2017-09-01,Sep,53.85889,110.50917,470,480,29,45,18,380,0.290255759,568,0,75,9.5,2.6021,8.84,0.052,27,1.1,5.3,84,91,0.00021863,18.87,610,18.04722214,8.266427848,0.000334493,130.1282702,0.02805413,0.194448346,0,0.007550262,0.021591955,0,0.45051579,1.823651,0.219860071,0.033952226,273.0844472,2465,0.02678305,37,0.02941353
LEE LAKE,2017-06-28,Jun,49.5433,114.253,180,210,38,5.1,2.6,180,0.076356047,1241,0,21,14,0.3925,8.48,0.013,1.7,3.6,5,13,21,0.03111981,19.8,210,20.78333282,10.42616502,0,13.6497439,0.002127472,0,0,0,0.016269184,0,0.71483651,7.722042,0.148073744,0.027862876,360.3200073,874,0.009984322,0,0.01273213
LEE LAKE,2017-07-26,Jul,49.5433,114.253,170,200,32,5.2,3.1,170,0.076356047,1241,0,22,14,0.4121,8.52,0.012,1.8,2.7,7.3,14,22,0.03791067,21.61,200,27.66129112,10.42616502,0,13.6497439,0.002127472,0,0,0,0.016269184,0,0.71483651,7.722042,0.148073744,0.027862876,431.3806458,362,0.009984322,0,0.01273213
LEE LAKE,2017-08-21,Aug,49.5433,114.253,170,190,28,5,2.9,160,0.076356047,1241,0,23,14,0.4421,8.53,0.011,1.8,2.7,8.2,14,23,0.02389985,18.46,200,25.67741966,10.42616502,0,13.6497439,0.002127472,0,0,0,0.016269184,0,0.71483651,7.722042,0.148073744,0.027862876,333.0064697,106,0.009984322,0,0.01273213
LEE LAKE,2017-09-26,Sep,49.5433,114.253,170,200,30,3.7,3.2,180,0.076356047,1241,0,25,14,0.5121,8.44,0.011,2.1,2,9.1,16,24,0.00262051,10.76,210,18.28333282,10.42616502,0,13.6497439,0.002127472,0,0,0,0.016269184,0,0.71483651,7.722042,0.148073744,0.027862876,299.6266785,476,0.009984322,0,0.01273213
LESSARD LAKE,2017-06-20,Jun,53.78556,114.65361,150,180,36,0.25,4.8,150,0.288541803,738,0,15,5.5,1.6025,8.3,0.03,17,2,1.1,7.5,5.4,0.00469221,19.03,170,20.99166679,9.272938788,0.000245184,18.79404644,0.018574666,0.006490839,0,0.001532913,0.019856349,0.003418883,0.45707752,1.067417,0.213854235,0.039455554,369.2266693,1880,0.060097517,1,0.08058611
LESSARD LAKE,2017-07-18,Jul,53.78556,114.65361,150,190,33,0.25,4.9,150,0.288541803,738,0,15,5.5,1.9047,8.24,0.054,16,1.75,3.2,7.3,5.2,0.00050538,19.33,180,23.45967674,9.272938788,0.000245184,18.79404644,0.018574666,0.006490839,0,0.001532913,0.019856349,0.003418883,0.45707752,1.067417,0.213854235,0.039455554,360.1032257,1791,0.060097517,1,0.08058611
LESSARD LAKE,2017-08-22,Aug,53.78556,114.65361,150,180,31,6,4.8,130,0.288541803,738,0,14,5.5,2.2021,8.44,0.11,16,0.9,5.8,7.5,3.9,0.00322714,18.07,170,22.58870983,9.272938788,0.000245184,18.79404644,0.018574666,0.006490839,0,0.001532913,0.019856349,0.003418883,0.45707752,1.067417,0.213854235,0.039455554,325.4709778,627,0.060097517,1,0.08058611
LESSARD LAKE,2017-09-12,Sep,53.78556,114.65361,150,190,37,0.25,4.9,160,0.288541803,738,0,16,5.5,2.0021,8.28,0.097,16,1.1,1.6,7.9,3.5,0.00074005,16.55,180,17.29999924,9.272938788,0.000245184,18.79404644,0.018574666,0.006490839,0,0.001532913,0.019856349,0.003418883,0.45707752,1.067417,0.213854235,0.039455554,260.480011,1505,0.060097517,1,0.08058611
BATTLE LAKE,2013-06-25,Jun,52.96667,114.18333,176,204,35.7,2.5,4.78,137,0.249320839,837,0,11.6,13,0.695,8.45,0.0293,4.04,3.5,5.74,24.9,7.63,0.02040644,18.95,194,19.87500048,8.656720396,0.000173708,110.312226,0.014515036,0.017038075,0,0.00053484,0.015421323,0.015438049,0.68372506,3.166607,0.303495417,0.033824374,336.186676,8421,0.014319731,36,0.00988414
BATTLE LAKE,2013-07-23,Jul,52.96667,114.18333,169,192,34.8,7.3,4.89,133,0.249320839,837,0,11.3,13,0.895,8.55,0.0417,3.63,1.2,6.59,23.6,7.06,0.03379656,21.95,187,21.76209641,8.656720396,0.000173708,110.312226,0.014515036,0.017038075,0,0.00053484,0.015421323,0.015438049,0.68372506,3.166607,0.303495417,0.033824374,349.9354858,11544,0.014319731,36,0.00988414
BATTLE LAKE,2013-08-12,Aug,52.96667,114.18333,164,191,29.6,2.5,4.85,120,0.249320839,837,0,11.3,13,1.203,8.45,0.0715,3.94,0.9,7.44,24.3,6.87,0.01860463,20.59,179,23.23387146,8.656720396,0.000173708,110.312226,0.014515036,0.017038075,0,0.00053484,0.015421323,0.015438049,0.68372506,3.166607,0.303495417,0.033824374,334.9161301,7106,0.014319731,36,0.00988414
BATTLE LAKE,2013-09-26,Sep,52.96667,114.18333,168,203,27.4,2.5,4.89,115,0.249320839,837,0,11.3,13,0.8888,8.3,0.123,4.23,1.75,7.81,24.7,5.98,0,15.89,180,20.63333321,8.656720396,0.000173708,110.312226,0.014515036,0.017038075,0,0.00053484,0.015421323,0.015438049,0.68372506,3.166607,0.303495417,0.033824374,298.2133331,1847,0.014319731,36,0.00988414
LONG ISLAND LAKE,2017-06-07,Jun,54.43655,113.7686,120,150,29,0.25,2.1,120,0.118685569,698,0,12,13,0.8863,8.28,0.018,5.1,4.4,0.26,3.2,0.5,0.02681679,18.48,130,20.375,8.094175746,0,16.95593445,0.005014918,6.18E-05,0,0.016655527,0.016653294,0.000619879,0.63442699,1.360055,0.039793613,0.037809281,357.0666656,2186,0.015655396,2,0.13486229
LONG ISLAND LAKE,2017-07-06,Jul,54.43655,113.7686,120,150,30,0.25,1.5,130,0.118685569,698,0,13,13,0.9621,8.29,0.017,5.3,3,0.55,3.5,0.5,0.04016193,21.66,130,22.87903214,8.094175746,0,16.95593445,0.005014918,6.18E-05,0,0.016655527,0.016653294,0.000619879,0.63442699,1.360055,0.039793613,0.037809281,347.6128998,2727,0.015655396,2,0.13486229
LONG ISLAND LAKE,2017-08-14,Aug,54.43655,113.7686,120,140,27,0.25,2,120,0.118685569,698,0,12,13,1.0021,8.05,0.021,4.9,1.7,0.66,3.3,0.5,0.02406512,20.29,120,21.8064518,8.094175746,0,16.95593445,0.005014918,6.18E-05,0,0.016655527,0.016653294,0.000619879,0.63442699,1.360055,0.039793613,0.037809281,328.1032257,891,0.015655396,2,0.13486229
LONG ISLAND LAKE,2017-09-14,Sep,54.43655,113.7686,78,95,19,0.25,2.1,81,0.118685569,698,0,8.4,13,1.1095,8.03,0.027,3.5,1.6,0.67,2.6,0.5,0.01016896,16.19,83,16.56666756,8.094175746,0,16.95593445,0.005014918,6.18E-05,0,0.016655527,0.016653294,0.000619879,0.63442699,1.360055,0.039793613,0.037809281,262.7733459,1138,0.015655396,2,0.13486229
LONG LAKE (NEAR BOYLE),2017-07-14,Jul,54.43112,112.7555,230,240,28,16,7.4,160,0.213368845,625,0,23,9.5,1.3021,8.89,0.035,5.8,1,5.8,53,19,0.02549717,22.87,280,23.09677467,8.034086037,0.000269575,97.54652859,0.0108669,0,0,0.004212465,0.010669144,0,0.68515733,2.827237,0.083531869,0.02758861,356.9961304,12560,0.00710784,30,0.14553156
LONG LAKE (NEAR BOYLE),2017-08-21,Aug,54.43112,112.7555,220,230,23,20,6.8,140,0.213368845,625,0,20,9.5,1.2021,8.8,0.095,4.9,1.5,7.9,49,17,0.0020178,19.84,260,21.74838715,8.034086037,0.000269575,97.54652859,0.0108669,0,0,0.004212465,0.010669144,0,0.68515733,2.827237,0.083531869,0.02758861,338.6012939,4973,0.00710784,30,0.14553156
LONG LAKE (NEAR BOYLE),2017-06-25,Jun,54.43112,112.7555,230,270,28,1.2,7.3,160,0.213368845,625,0,21,9.5,0.8925,8.37,0.027,5.1,3,6.3,52,20,0.00497221,18.13,270,20.31666679,8.034086037,0.000269575,97.54652859,0.0108669,0,0,0.004212465,0.010669144,0,0.68515733,2.827237,0.083531869,0.02758861,334.0373352,9069,0.00710784,30,0.14553156
LONG LAKE (NEAR BOYLE),2017-09-24,Sep,54.43112,112.7555,220,230,26,17,7.4,160,0.213368845,625,0,24,9.5,1.3021,8.92,0.068,5.9,1.6,2.5,55,17,0,12.63,270,16.72999992,8.034086037,0.000269575,97.54652859,0.0108669,0,0,0.004212465,0.010669144,0,0.68515733,2.827237,0.083531869,0.02758861,263.2533325,4358,0.00710784,30,0.14553156
LONG LAKE (NEAR NARROW LAKE),2017-06-15,Jun,54.58222,113.64889,160,190,34,0.25,1.9,150,0.105575414,689,0,16,28.5,0.6325,8.26,0.011,4.7,3.2,3.5,9.5,0.5,0.02771339,18.19,160,20.38333321,8.12419341,0.000488322,29.34742482,0.008327985,0.022985311,0,0.003830922,0.011222622,0,0.6698949,1.455154,0.094551717,0.033126817,352.4266663,2177,0.004490322,8,0.06690799
LONG LAKE (NEAR NARROW LAKE),2017-08-24,Aug,54.58222,113.64889,160,200,35,0.25,2.4,160,0.105575414,689,0,17,28.5,0.6021,8.18,0.0082,5,4.1,3.6,9.5,0.5,0.03119751,19.88,170,21.82258034,8.12419341,0.000488322,29.34742482,0.008327985,0.022985311,0,0.003830922,0.011222622,0,0.6698949,1.455154,0.094551717,0.033126817,330.7354736,948,0.004490322,8,0.06690799
LONG LAKE (NEAR NARROW LAKE),2017-09-18,Sep,54.58222,113.64889,160,200,33,0.66,2.1,160,0.105575414,689,0,17,28.5,0.6821,8.35,0.0092,5.1,3.5,3.8,9.8,0.5,0.01169662,14.33,170,16.48333359,8.12419341,0.000488322,29.34742482,0.008327985,0.022985311,0,0.003830922,0.011222622,0,0.6698949,1.455154,0.094551717,0.033126817,260.480011,1141,0.004490322,8,0.06690799
MILK RIVER RIDGE RESERVOIR,2012-07-25,Jul,49.36667,112.58333,100,120,26,1.5,1.2,110,0.222878485,1030,1,10,16,0.469,8.42,0.019,0.86,1,1.6,7.8,26,0.00542663,19.56,140,26.4815667,12.79877104,0.09311977,147.8599769,0.003072614,0.473251403,0,0.000366117,0.008699695,0,0.00647935,3.004134,0.159820041,0.010311139,410.735478,5813,0.007608105,78,0.00543378
MILK RIVER RIDGE RESERVOIR,2012-08-22,Aug,49.36667,112.58333,140,170,36,4.3,2.7,160,0.222878485,1030,1,17,16,0.536,8.49,0.033,2.5,1.75,3.2,27,94,0.00121543,19.38,270,27.33640562,12.79877104,0.09311977,147.8599769,0.003072614,0.473251403,0,0.000366117,0.008699695,0,0.00647935,3.004134,0.159820041,0.010311139,392.2433167,2315,0.007608105,78,0.00543378
MIQUELON LAKE,2017-07-11,Jul,53.25111,112.90389,2200,1700,13,500,230,1100,0.331026121,765,0,270,1,13.021,9.27,0.21,220,1,1.7,4200,6900,0,22.04,13000,23.66359465,8.762160733,0.000617183,36.07619469,0.004024545,0.136411572,0,0.000127569,0.033234248,0,0.39498218,1.477918,0.12925671,0.024777221,363.6055298,2683,0.018625002,32,0.0273864
MIQUELON LAKE,2017-08-14,Aug,53.25111,112.90389,2300,1600,13,570,250,1200,0.331026121,765,0,280,1,13.066,9.35,0.21,230,1.1,0.27,4400,7600,0,18.9,14000,23.11520767,8.762160733,0.000617183,36.07619469,0.004024545,0.136411572,0,0.000127569,0.033234248,0,0.39498218,1.477918,0.12925671,0.024777221,346.720738,1545,0.018625002,32,0.0273864
MIQUELON LAKE,2017-09-22,Sep,53.25111,112.90389,2500,1700,11,670,270,1600,0.331026121,765,0,380,1,14.021,9.4,0.27,270,0.91,0.8,5100,7600,0,5.96,15000,17.71666718,8.762160733,0.000617183,36.07619469,0.004024545,0.136411572,0,0.000127569,0.033234248,0,0.39498218,1.477918,0.12925671,0.024777221,267.9619053,2176,0.018625002,32,0.0273864
MOONSHINE LAKE,2013-06-20,Jun,55.88333,119.21667,153,186,53.2,0.5,2,289,0.122783194,718,1,38,3.5,1.491,8.16,0.082,5.4,2.2,2.4,55.9,230,0.00781086,18.05,476,20.10000038,7.610214949,0.556143138,0.561310444,0,0.000737836,0,0.095119444,0.062499498,0,0.34433555,0.62668,0.00045604,0.061301343,325.0133362,102,0,1,0.03807946
MOONSHINE LAKE,2013-07-18,Jul,55.88333,119.21667,157,184,48.6,4,2.2,238,0.122783194,718,1,28.4,3.5,4.173,8.48,0.184,5.5,1.8,3.9,65.5,219,0.01885926,19.92,464,20.70967674,7.610214949,0.556143138,0.561310444,0,0.000737836,0,0.095119444,0.062499498,0,0.34433555,0.62668,0.00045604,0.061301343,336.7225952,75,0,1,0.03807946
MOONSHINE LAKE,2013-08-15,Aug,55.88333,119.21667,165,196,49.6,3,2.3,267,0.122783194,718,1,34.7,3.5,4.55,8.4,0.359,5.4,1.1,7,58.4,208,0.01907071,22.34,457,22.11290359,7.610214949,0.556143138,0.561310444,0,0.000737836,0,0.095119444,0.062499498,0,0.34433555,0.62668,0.00045604,0.061301343,322.2709656,51,0,1,0.03807946
MOONSHINE LAKE,2013-09-05,Sep,55.88333,119.21667,174,212,47.9,0.5,2.5,259,0.122783194,718,1,30.9,3.5,3.599,8.32,0.488,6,1.2,10.6,72.9,232,0.00022756,18.11,501,19.06666756,7.610214949,0.556143138,0.561310444,0,0.000737836,0,0.095119444,0.062499498,0,0.34433555,0.62668,0.00045604,0.061301343,268.2666626,37,0,1,0.03807946
MOOSE LAKE,2017-06-29,Jun,54.24241,110.91023,310,340,28,20,31,290,0.467920457,533,0,54,13,2.0025,8.64,0.052,21,1.5,1.9,110,150,0.00491928,16.34,580,20.62407392,8.205802508,0.000680727,619.0862442,0.005137785,0.262982833,0,0.001407299,0.015051625,0.003974941,0.25743735,1.458757,0.266969698,0.024821487,320.0023716,60943,0.038712101,118,0.03733019
MOOSE LAKE,2017-07-18,Jul,54.24241,110.91023,320,350,28,20,31,300,0.467920457,533,0,55,13,1.8081,8.81,0.059,21,1,2.6,110,150,0.00966211,18.84,590,23.96200731,8.205802508,0.000680727,619.0862442,0.005137785,0.262982833,0,0.001407299,0.015051625,0.003974941,0.25743735,1.458757,0.266969698,0.024821487,361.2994968,58363,0.038712101,118,0.03733019
MOOSE LAKE,2017-08-09,Aug,54.24241,110.91023,320,320,26,33,31,280,0.467920457,533,0,51,13,2.1021,8.91,0.069,20,0.8,4,100,140,0.01478613,20.72,570,22.6025091,8.205802508,0.000680727,619.0862442,0.005137785,0.262982833,0,0.001407299,0.015051625,0.003974941,0.25743735,1.458757,0.266969698,0.024821487,329.1159858,29121,0.038712101,118,0.03733019
MOOSE LAKE,2017-09-20,Sep,54.24241,110.91023,330,380,30,14,31,290,0.467920457,533,0,52,13,2.435,8.58,0.09,21,1.4,6.2,110,150,0,14.3,590,17.81444456,8.205802508,0.000680727,619.0862442,0.005137785,0.262982833,0,0.001407299,0.015051625,0.003974941,0.25743735,1.458757,0.266969698,0.024821487,264.8201484,16447,0.038712101,118,0.03733019
MURIEL LAKE,2017-06-27,Jun,54.06667,110.725,1000,820,7.9,200,45,900,1.109373844,560,0,210,4.5,3.2025,9.24,0.044,58,1,2.9,310,370,0.00061641,17.15,1600,20.41641788,8.010231118,0.000248444,442.9022313,0.009365922,0.015360483,0,0.000205891,0.01154959,0.006634296,0.52831451,2.00697,0.164789705,0.032971965,317.9255735,43057,0.011966778,95,0.03521822
MURIEL LAKE,2017-07-19,Jul,54.06667,110.725,1000,810,7.3,200,44,920,1.109373844,560,0,220,4.5,2.9021,9.27,0.049,58,1.1,3.2,300,360,0.00168546,18.68,1600,23.79248944,8.010231118,0.000248444,442.9022313,0.009365922,0.015360483,0,0.000205891,0.01154959,0.006634296,0.52831451,2.00697,0.164789705,0.032971965,361.8280193,45330,0.011966778,95,0.03521822
MURIEL LAKE,2017-08-04,Aug,54.06667,110.725,990,780,7.4,210,44,880,1.109373844,560,0,210,4.5,3.7021,9.29,0.047,63,1.1,3.7,300,360,0.00260665,21.36,1600,22.40226276,8.010231118,0.000248444,442.9022313,0.009365922,0.015360483,0,0.000205891,0.01154959,0.006634296,0.52831451,2.00697,0.164789705,0.032971965,330.0806898,18962,0.011966778,95,0.03521822
BEAVER MINES LAKE,2014-06-19,Jun,49.37225,114.29611,110,140,27,0.25,0.5,120,0.131188497,1457,0,12,6,1.206,7.87,0.007,0.15,0.95,2.2,3.2,3.5,0.00289512,12.31,120,15.88333321,7.120430013,0,4.802554577,0,0,0.0009481,0.0058304,0.071674307,0.275387615,0.8096727,10.578952,0,0.01645808,378.6666565,650,0,4,0
BEAVER MINES LAKE,2014-07-22,Jul,49.37225,114.29611,110,130,23,0.94,0.5,100,0.131188497,1457,0,12,6,0.1915,8.41,0.007,0.15,3.8,1.5,3.4,3.2,0.00195926,19.6,110,23.74193573,7.120430013,0,4.802554577,0,0,0.0009481,0.0058304,0.071674307,0.275387615,0.8096727,10.578952,0,0.01645808,431.1741943,56,0,4,0
BEAVER MINES LAKE,2014-08-07,Aug,49.37225,114.29611,99,110,21,6.3,0.5,100,0.131188497,1457,0,13,6,0.275,8.83,0.007,0.15,5.4,0.73,3.5,3,0.00202201,20.2,100,20.25806427,7.120430013,0,4.802554577,0,0,0.0009481,0.0058304,0.071674307,0.275387615,0.8096727,10.578952,0,0.01645808,330.0129089,317,0,4,0
BEAVER MINES LAKE,2014-09-30,Sep,49.37225,114.29611,100,130,22,0.25,0.5,110,0.131188497,1457,0,13,6,0.2715,8.28,0.01,0.73,4.2,0.76,3.9,2.9,0.00007499,11.67,100,15.30000019,7.120430013,0,4.802554577,0,0,0.0009481,0.0058304,0.071674307,0.275387615,0.8096727,10.578952,0,0.01645808,308.480011,353,0,4,0
NAKAMUN LAKE,2016-06-22,Jun,53.88333,114.2,200,240,28,3.1,7.2,130,0.244491279,686,0,15,8,1.9025,8.42,0.056,18,3.5,2.8,42,15,0.00883134,19.45,250,22.29166698,12.91926527,0.000974333,40.98795095,0.007706288,0.09325276,0,0.001121451,0.016870214,0.002668999,0.36858056,1.520031,0.375011206,0.022182146,369.0133362,2832,0.035365005,21,0.02479795
NAKAMUN LAKE,2016-07-13,Jul,53.88333,114.2,190,220,26,6.9,7.3,130,0.244491279,686,0,16,8,2.0025,8.62,0.061,19,0.9,4.7,43,14,0,21.89,250,23.60483932,12.91926527,0.000974333,40.98795095,0.007706288,0.09325276,0,0.001121451,0.016870214,0.002668999,0.36858056,1.520031,0.375011206,0.022182146,351.8451691,2455,0.035365005,21,0.02479795
NAKAMUN LAKE,2016-08-25,Aug,53.88333,114.2,180,210,21,7.4,7.1,110,0.244491279,686,0,15,8,2.612,8.63,0.08,17,0.9,9.7,40,15,0.00042188,18.21,230,22.47580624,12.91926527,0.000974333,40.98795095,0.007706288,0.09325276,0,0.001121451,0.016870214,0.002668999,0.36858056,1.520031,0.375011206,0.022182146,307.4064484,4794,0.035365005,21,0.02479795
NAKAMUN LAKE,2016-09-13,Sep,53.88333,114.2,180,200,20,13,7.2,110,0.244491279,686,0,14,8,2.311,8.85,0.069,16,0.45,9.5,38,15,0.00112758,13.95,230,16.81666756,12.91926527,0.000974333,40.98795095,0.007706288,0.09325276,0,0.001121451,0.016870214,0.002668999,0.36858056,1.520031,0.375011206,0.022182146,266.0800018,1343,0.035365005,21,0.02479795
NARROW LAKE,2017-06-15,Jun,54.61375,113.62263,160,200,35,0.25,1.1,150,0.123763193,688,0,15,28,0.5361,8.07,0.009,4.1,4.5,2.5,8.9,0.5,0.0254961,17.62,160,20.2999992,8.036753567,0,7.992124174,0.004804664,0,0,0,0.008253499,0,0.73172956,2.947778,0.025992847,0.022574669,328.7470093,1029,0.004807787,4,0.06065424
NARROW LAKE,2017-07-14,Jul,54.61375,113.62263,160,200,35,0.25,1.4,150,0.123763193,688,0,15,28,0.5421,8.2,0.0088,4.3,6.5,2,8.2,0.5,0.03968595,21.39,160,22.9515991,8.036753567,0,7.992124174,0.004804664,0,0,0,0.008253499,0,0.73172956,2.947778,0.025992847,0.022574669,350.9679871,1480,0.004807787,4,0.06065424
NARROW LAKE,2017-08-24,Aug,54.61375,113.62263,160,190,35,0.25,0.5,150,0.123763193,688,0,16,28,0.5721,8.2,0.0096,4.5,6,1.9,8.7,0.5,0.02073118,19.72,160,21.7257996,8.036753567,0,7.992124174,0.004804664,0,0,0,0.008253499,0,0.73172956,2.947778,0.025992847,0.022574669,322.993988,436,0.004807787,4,0.06065424
NARROW LAKE,2017-09-18,Sep,54.61375,113.62263,160,190,33,0.7,0.5,150,0.123763193,688,0,16,28,0.5321,8.35,0.0081,4.5,5.3,1.6,8.9,0.5,0.01291069,14.64,160,16.3833008,8.036753567,0,7.992124174,0.004804664,0,0,0,0.008253499,0,0.73172956,2.947778,0.025992847,0.022574669,249.2799988,558,0.004807787,4,0.06065424
NORTH WABASCA LAKE,2016-06-07,Jun,56.06386,113.93742,85,100,27,0.25,1.6,99,1.538309282,545,0,7.7,16,0.6625,8.02,0.017,2.2,1.8,6,6.8,17,0.00935788,16.38,120,22.39742428,11.36751712,4.47E-06,3834.813181,0.007089705,7.92E-05,0.00039105,0.000561822,0.004371237,0.108537067,0.58965113,1.369915,0.001302204,0.022056326,353.1898213,274299,0.004763505,298,0.31718806
NORTH WABASCA LAKE,2016-07-05,Jul,56.06386,113.93742,81,98,24,0.25,1.8,88,1.538309282,545,0,6.8,16,0.7525,8.07,0.017,2.1,2.7,5.1,6.3,16,0.01005879,19.59,110,23.77228756,11.36751712,4.47E-06,3834.813181,0.007089705,7.92E-05,0.00039105,0.000561822,0.004371237,0.108537067,0.58965113,1.369915,0.001302204,0.022056326,330.4473877,258955,0.004763505,298,0.31718806
NORTH WABASCA LAKE,2016-08-09,Aug,56.06386,113.93742,84,100,28,0.25,1.7,100,1.538309282,545,0,7.6,16,0.7425,7.95,0.02,2.2,2.75,6.8,6.9,16,0.01171681,20.41,120,21.97331364,11.36751712,4.47E-06,3834.813181,0.007089705,7.92E-05,0.00039105,0.000561822,0.004371237,0.108537067,0.58965113,1.369915,0.001302204,0.022056326,294.8401187,289158,0.004763505,298,0.31718806
NORTH WABASCA LAKE,2016-09-14,Sep,56.06386,113.93742,84,100,26,0.25,1.8,94,1.538309282,545,0,7.2,16,0.9525,8.02,0.034,1.9,1.9,8.1,6.4,15,0,13.87,120,16.18060639,11.36751712,4.47E-06,3834.813181,0.007089705,7.92E-05,0.00039105,0.000561822,0.004371237,0.108537067,0.58965113,1.369915,0.001302204,0.022056326,243.061334,165291,0.004763505,298,0.31718806
OLDMAN RESERVOIR,2015-05-27,Jun,49.56972,113.90056,130,160,42,1.6,1.6,150,0.215669534,1077,1,11,50,0.215,8.42,0.008,0.78,2,4.9,5.4,25,0.00754901,12.29,170,23.56180549,12.84666216,0.005522143,4355.765851,0.00306047,0.037442047,0.00817457,0.000941501,0.008481679,0.09251754,0.70488505,14.661162,0.050364264,0.012458947,423.4888865,260755,0.006437142,1934,0.00412032
OLDMAN RESERVOIR,2015-07-29,Jul,49.56972,113.90056,140,170,45,1.9,1.2,160,0.215669534,1077,1,12,50,0.139,8.44,0.006,0.83,1.6,5.1,5.3,25,0.00864527,18.33,180,25.14314508,12.84666216,0.005522143,4355.765851,0.00306047,0.037442047,0.00817457,0.000941501,0.008481679,0.09251754,0.70488505,14.661162,0.050364264,0.012458947,407.8881709,183067,0.006437142,1934,0.00412032
OLDMAN RESERVOIR,2015-08-25,Aug,49.56972,113.90056,140,170,41,0.25,1.5,150,0.215669534,1077,1,12,50,0.186,8.28,0.0062,0.68,3.4,4.9,5,24,0.00680175,17.91,170,25.73655915,12.84666216,0.005522143,4355.765851,0.00306047,0.037442047,0.00817457,0.000941501,0.008481679,0.09251754,0.70488505,14.661162,0.050364264,0.012458947,379.2602119,208849,0.006437142,1934,0.00412032
OLDMAN RESERVOIR,2015-10-01,Sep,49.56972,113.90056,140,170,44,0.25,1.1,170,0.215669534,1077,1,13,50,0.706,8.34,0.0033,0.93,2.3,4.8,5.8,24,0.0008351,13.83,180,18.28125008,12.84666216,0.005522143,4355.765851,0.00306047,0.037442047,0.00817457,0.000941501,0.008481679,0.09251754,0.70488505,14.661162,0.050364264,0.012458947,296.0666682,296707,0.006437142,1934,0.00412032
PARK LAKE,2016-06-20,Jun,49.80556,112.92778,120,140,35,3.2,1.5,140,0.123279687,939,1,13,5.5,0.0831,8.5,0.01,0.62,3.2,3.5,6.3,29,0.00668693,14.59,160,24.21666718,15.19578838,0.00446389,1.277033462,0,0.029661347,0,0.009117677,0.013951887,0,0.00358787,0.518894,0.09337528,0.016686265,435.8399963,41,0.012992215,2,0.00182669
PARK LAKE,2016-07-27,Jul,49.80556,112.92778,100,120,28,3.2,1.8,120,0.123279687,939,1,11,5.5,0.1654,8.49,0.01,0.57,3.4,3,6.4,28,0.00970579,21.37,140,24.88709641,15.19578838,0.00446389,1.277033462,0,0.029661347,0,0.009117677,0.013951887,0,0.00358787,0.518894,0.09337528,0.016686265,368.9806519,79,0.012992215,2,0.00182669
PARK LAKE,2016-08-30,Aug,49.80556,112.92778,100,120,30,2.5,1.2,120,0.123279687,939,1,12,5.5,0.2525,8.45,0.019,0.71,2.2,2.4,7.2,30,0.00363292,17.03,150,24.58064556,15.19578838,0.00446389,1.277033462,0,0.029661347,0,0.009117677,0.013951887,0,0.00358787,0.518894,0.09337528,0.016686265,354.0129089,55,0.012992215,2,0.00182669
PARK LAKE,2016-09-26,Sep,49.80556,112.92778,110,130,32,0.25,2.2,140,0.123279687,939,1,13,5.5,0.3025,8.22,0.015,1.1,1.2,2.9,7.5,34,0,11.77,160,19.54166603,15.19578838,0.00446389,1.277033462,0,0.029661347,0,0.009117677,0.013951887,0,0.00358787,0.518894,0.09337528,0.016686265,297.8666687,32,0.012992215,2,0.00182669
PEERLESS LAKE,2015-06-16,Jun,56.66397,114.68008,96,120,26,0.25,0.5,93,1.550420537,691,0,6.5,34,0.5625,8.03,0.013,1.4,2.1,2.7,2.9,2.8,0.00993523,13.96,100,23.52249985,11.60134404,1.74E-05,419.7695634,0.00541889,0,0.00001285,6.55E-05,0.005176829,0.00917265,0.47048399,1.02909,0,0.025041649,366.3919998,14353,0.002750466,45,0.23971476
PEERLESS LAKE,2015-08-11,Aug,56.66397,114.68008,94,120,26,0.25,0.5,93,1.550420537,691,0,6.5,34,0.5025,8.35,0.013,1.5,1.75,2.6,2.9,2.3,0.0141726,18.35,99,21.35544362,11.60134404,1.74E-05,419.7695634,0.00541889,0,0.00001285,6.55E-05,0.005176829,0.00917265,0.47048399,1.02909,0,0.025041649,301.6980591,35601,0.002750466,45,0.23971476
PEERLESS LAKE,2015-10-07,Sep,56.66397,114.68008,97,120,27,0.25,0.5,95,1.550420537,691,0,6.7,34,0.4874,7.9,0.013,1.4,4,3.1,2.9,2.6,0.00100397,9.42,100,14.97874999,11.60134404,1.74E-05,419.7695634,0.00541889,0,0.00001285,6.55E-05,0.005176829,0.00917265,0.47048399,1.02909,0,0.025041649,242.5306679,16041,0.002750466,45,0.23971476
PIGEON LAKE,2017-06-30,Jun,53,114.01667,160,190,26,1.5,4.3,120,2.104647388,851,0,14,10,0.9825,8.37,0.017,7.4,3.25,1.7,24,6.3,0.00351169,17.21,180,20.8664835,9.386901793,0.000338993,278.3003181,0.017710434,0.072704075,0,0.008245063,0.020627681,0.002203533,0.30597325,1.246279,0.236425831,0.026198115,376.9822696,23000,0.04488169,146,0.00621639
PIGEON LAKE,2017-07-28,Jul,53,114.01667,160,190,25,5.4,4.1,120,2.104647388,851,0,14,10,0.8921,8.61,0.04,7.3,2,6,22,5.5,0.00424546,18.65,180,23.55866721,9.386901793,0.000338993,278.3003181,0.017710434,0.072704075,0,0.008245063,0.020627681,0.002203533,0.30597325,1.246279,0.236425831,0.026198115,375.0125498,24640,0.04488169,146,0.00621639
PIGEON LAKE,2017-08-11,Aug,53,114.01667,160,160,24,14,5,120,2.104647388,851,0,14,10,1.1021,8.77,0.048,7.2,1.25,8.2,25,4.8,0.00879557,20.74,180,23.26568578,9.386901793,0.000338993,278.3003181,0.017710434,0.072704075,0,0.008245063,0.020627681,0.002203533,0.30597325,1.246279,0.236425831,0.026198115,341.1522163,14488,0.04488169,146,0.00621639
PIGEON LAKE,2017-09-15,Sep,53,114.01667,160,170,24,10,4.7,120,2.104647388,851,0,16,10,2.3021,8.67,0.082,7.7,1.25,14,25,5.3,0.00328066,15.9,190,17.91776498,9.386901793,0.000338993,278.3003181,0.017710434,0.072704075,0,0.008245063,0.020627681,0.002203533,0.30597325,1.246279,0.236425831,0.026198115,263.5745041,21258,0.04488169,146,0.00621639
PINE COULEE RESERVOIR,2017-06-21,Jun,50.127,113.74006,230,260,36,9.4,3.8,170,0.174535748,1041,1,20,16,0.4267,8.57,0.011,3.7,5.3,3.1,46,47,0.00706695,16.58,300,22.8083334,12.23279572,0.06875803,89.99492073,0.002952894,0.260093952,0,0.000274071,0.011929425,0,0.02103352,3.757357,0.185335612,0.01346526,361.5466614,5300,0.016996644,35,0.00098376
PINE COULEE RESERVOIR,2017-07-18,Jul,50.127,113.74006,220,250,35,8.1,4.7,160,0.174535748,1041,1,19,16,0.4721,8.57,0.017,2.9,1.9,3.2,40,51,0.00890562,19.46,290,29.03225803,12.23279572,0.06875803,89.99492073,0.002952894,0.260093952,0,0.000274071,0.011929425,0,0.02103352,3.757357,0.185335612,0.01346526,416.4645081,1332,0.016996644,35,0.00098376
PINE COULEE RESERVOIR,2017-08-01,Aug,50.127,113.74006,220,250,36,11,3.8,180,0.174535748,1041,1,21,16,0.5721,8.64,0.017,3.4,2.9,2.6,43,42,0.01125676,20.24,290,27.01612949,12.23279572,0.06875803,89.99492073,0.002952894,0.260093952,0,0.000274071,0.011929425,0,0.02103352,3.757357,0.185335612,0.01346526,343.1741943,551,0.016996644,35,0.00098376
PINE COULEE RESERVOIR,2017-09-05,Sep,50.127,113.74006,220,260,39,7.9,3.8,190,0.174535748,1041,1,22,16,0.5773,8.52,0.032,3.7,2.6,0.85,48,49,0.00052876,17.7,300,20.1833334,12.23279572,0.06875803,89.99492073,0.002952894,0.260093952,0,0.000274071,0.011929425,0,0.02103352,3.757357,0.185335612,0.01346526,303.0399933,1547,0.016996644,35,0.00098376
PINE LAKE,2017-06-24,Jun,52.10333,113.45417,310,350,31,14,16,190,0.202044271,891,0,27,13,1.8025,8.69,0.083,9.2,2.5,2.1,110,70,0.00331483,17.17,450,21.16666603,10.02562757,0.000160877,161.3645824,0.011303485,0.22674536,0,0.008698974,0.017795991,0,0.36020718,3.180557,0.341322052,0.022451863,358.0799866,12534,0.014232142,53,0.00530921
PINE LAKE,2017-07-19,Jul,52.10333,113.45417,300,320,30,24,16,200,0.202044271,891,0,30,13,1.9021,8.83,0.079,10,1,1,110,69,0.00953497,20.31,440,24.75,10.02562757,0.000160877,161.3645824,0.011303485,0.22674536,0,0.008698974,0.017795991,0,0.36020718,3.180557,0.341322052,0.022451863,401.2387085,10928,0.014232142,53,0.00530921
PINE LAKE,2017-08-11,Aug,52.10333,113.45417,320,330,27,26,17,180,0.202044271,891,0,27,13,1.9021,8.91,0.066,9.7,1.3,8.2,110,69,0.01065181,21.05,460,24.83064556,10.02562757,0.000160877,161.3645824,0.011303485,0.22674536,0,0.008698974,0.017795991,0,0.36020718,3.180557,0.341322052,0.022451863,321.4967804,4390,0.014232142,53,0.00530921
PINE LAKE,2017-09-26,Sep,52.10333,113.45417,320,360,29,16,16,190,0.202044271,891,0,28,13,1.826,8.59,0.078,10,1.3,0.31,110,68,0.00223063,12.67,450,18.46666718,10.02562757,0.000160877,161.3645824,0.011303485,0.22674536,0,0.008698974,0.017795991,0,0.36020718,3.180557,0.341322052,0.022451863,281.5466614,6010,0.014232142,53,0.00530921
BELLEVUE LAKE,2017-06-24,Jun,53.80694,111.3325,330,360,25,21,2.7,310,0.41088078,649,0,61,11,1.2025,8.73,0.019,23,6.8,1.9,18,20,0.01036641,15.78,350,20.30277729,7.792413361,0.000849866,30.32838496,0.002122262,0.071077155,0,0,0.006013303,3.28E-05,0.20111804,1.844266,0.504639579,0.008721987,321.4755503,2755,0.013934902,6,0.0042335
BELLEVUE LAKE,2017-07-14,Jul,53.80694,111.3325,340,360,28,22,2.7,350,0.41088078,649,0,67,11,1.2021,8.77,0.036,28,6.4,2.4,19,20,0.02106935,20.34,370,23.33870983,7.792413361,0.000849866,30.32838496,0.002122262,0.071077155,0,0,0.006013303,3.28E-05,0.20111804,1.844266,0.504639579,0.008721987,368.4989115,2132,0.013934902,6,0.0042335
BELLEVUE LAKE,2017-08-12,Aug,53.80694,111.3325,340,340,25,36,2.9,320,0.41088078,649,0,62,11,1.1021,8.88,0.018,24,3.7,3.4,18,19,0.01859245,21.02,360,22.24462382,7.792413361,0.000849866,30.32838496,0.002122262,0.071077155,0,0,0.006013303,3.28E-05,0.20111804,1.844266,0.504639579,0.008721987,347.4580587,1142,0.013934902,6,0.0042335
BELLEVUE LAKE,2017-09-16,Sep,53.80694,111.3325,360,360,29,40,2.5,360,0.41088078,649,0,70,11,1.3021,8.92,0.061,27,2.5,3.7,19,19,0.00006383,16.03,390,17.57777818,7.792413361,0.000849866,30.32838496,0.002122262,0.071077155,0,0,0.006013303,3.28E-05,0.20111804,1.844266,0.504639579,0.008721987,271.3955587,816,0.013934902,6,0.0042335
RATTLESNAKE (SAUDER) LAKE,2014-06-20,Jun,50,110.96667,120,140,35,0.87,1.8,150,0.266424709,798,1,15,19,0.644,8.35,0.04,3.3,2.5,0.025,21,62,0.00424259,14.88,210,20.36666679,10.79685387,0.062563988,161.80278,0.012401368,0.750945752,0,0,0.010078532,0,0.00539446,1.1788,0.021306047,0.013567024,359.5259264,15001,0.010985641,27,0.00791374
RATTLESNAKE (SAUDER) LAKE,2014-07-08,Jul,50,110.96667,110,120,29,6.7,2.9,140,0.266424709,798,1,17,19,0.775,8.81,0.059,3.5,1.1,0.49,21,55,0.01373875,21.2,190,27.97849464,10.79685387,0.062563988,161.80278,0.012401368,0.750945752,0,0,0.010078532,0,0.00539446,1.1788,0.021306047,0.013567024,407.2487454,5809,0.010985641,27,0.00791374
RATTLESNAKE (SAUDER) LAKE,2014-08-27,Aug,50,110.96667,110,130,32,0.25,3.4,150,0.266424709,798,1,16,19,0.827,8.34,0.067,3.6,0.9,3.2,19,56,0.0016775,17.57,200,25.82616467,10.79685387,0.062563988,161.80278,0.012401368,0.750945752,0,0,0.010078532,0,0.00539446,1.1788,0.021306047,0.013567024,326.1706102,12961,0.010985641,27,0.00791374
RED DEER LAKE,2014-06-16,Jun,52.72625,113.06556,3660,1710,7.3,1360,152,566,0.482854854,772,0,133,2,6.663,9.65,0.348,112,0.7,5.5,5750,9200,0.00123457,17.47,17600,19.96403503,7.567430647,0.000893225,239.090198,0.021499866,0.634979903,0,0.000141656,0.014602044,0,0.16097522,1.614292,0.043240497,0.017677841,362.9698213,19297,0.023821243,57,0.00205155
RED DEER LAKE,2014-07-11,Jul,52.72625,113.06556,3810,1740,7,1440,145,623,0.482854854,772,0,147,2,5.943,9.65,0.342,117,0.45,5.5,6350,9870,0.00484865,20.27,18900,24.82342971,7.567430647,0.000893225,239.090198,0.021499866,0.634979903,0,0.000141656,0.014602044,0,0.16097522,1.614292,0.043240497,0.017677841,382.0984706,14448,0.023821243,57,0.00205155
RED DEER LAKE,2014-08-20,Aug,52.72625,113.06556,3910,1380,8.7,1670,162,705,0.482854854,772,0,166,2,8.4151,9.93,0.424,115,0.4,5.5,6600,10900,0,20.33,20300,23.22920197,7.567430647,0.000893225,239.090198,0.021499866,0.634979903,0,0.000141656,0.014602044,0,0.16097522,1.614292,0.043240497,0.017677841,330.8930391,10868,0.023821243,57,0.00205155
RED DEER LAKE,2014-10-08,Sep,52.72625,113.06556,3960,1430,8.5,1670,154,676,0.482854854,772,0,159,2,7.593,9.83,0.31,129,0.3,5.5,6890,10500,0.00000331,8.52,20200,18.02543861,7.567430647,0.000893225,239.090198,0.021499866,0.634979903,0,0.000141656,0.014602044,0,0.16097522,1.614292,0.043240497,0.017677841,270.8491291,10763,0.023821243,57,0.00205155
SANDY LAKE (SOUTH),2015-06-25,Jun,53.77222,114.02972,680,700,13,64,22,89,0.516269992,697,0,14,2.5,7.75,9.02,0.46,27,0.4,9.3,290,31,0.01290812,21.64,820,23.08541656,12.36570338,0.00045108,55.10023701,0.005285452,0.047678587,0,0,0.017377622,0.001467758,0.36650965,1.557872,0.278999382,0.017233544,368.2666702,2492,0.045385298,12,0.03357216
SANDY LAKE (SOUTH),2015-07-21,Jul,53.77222,114.02972,690,700,14,71,23,94,0.516269992,697,0,14,2.5,8.0025,9.05,0.52,28,0.4,14,310,38,0.00333011,20.88,860,24.92338705,12.36570338,0.00045108,55.10023701,0.005285452,0.047678587,0,0,0.017377622,0.001467758,0.36650965,1.557872,0.278999382,0.017233544,365.5354805,2753,0.045385298,12,0.03357216
SANDY LAKE (SOUTH),2015-08-18,Aug,53.77222,114.02972,730,710,13,91,24,86,0.516269992,697,0,13,2.5,9.9025,9.13,0.69,25,0.1,13,290,38,0.01134769,17.4,860,23.50201654,12.36570338,0.00045108,55.10023701,0.005285452,0.047678587,0,0,0.017377622,0.001467758,0.36650965,1.557872,0.278999382,0.017233544,347.2129059,1098,0.045385298,12,0.03357216
SANDY LAKE (SOUTH),2015-09-22,Sep,53.77222,114.02972,730,780,14,54,25,92,0.516269992,697,0,14,2.5,9.3025,8.88,0.69,27,0.1,12,310,42,0,9.96,880,16.21249986,12.36570338,0.00045108,55.10023701,0.005285452,0.047678587,0,0,0.017377622,0.001467758,0.36650965,1.557872,0.278999382,0.017233544,250.8933334,3138,0.045385298,12,0.03357216
SHERBURNE LAKE,2014-06-20,Jun,49.76667,111.76667,120,140,33,0.25,1.6,140,0.175920683,809,1,15,16,0.395,8.21,0.025,3,3.6,0.6,19,55,0.00101016,15.63,200,20.48750019,11.07965949,0.038039422,122.703021,0.005367488,0.730357459,0,0.000917415,0.010966473,0,0.00038029,1.009697,0.027556188,0.014268995,355.9466629,13176,0.01024936,42,0.00295186
SHERBURNE LAKE,2014-07-08,Jul,49.76667,111.76667,120,130,33,4,2.7,150,0.175920683,809,1,16,16,0.467,8.58,0.034,3.1,2.6,0.19,19,63,0.01418268,21.08,210,28.12096786,11.07965949,0.038039422,122.703021,0.005367488,0.730357459,0,0.000917415,0.010966473,0,0.00038029,1.009697,0.027556188,0.014268995,422.9677353,2888,0.01024936,42,0.00295186
SHORNCLIFFE LAKE,2011-07-14,Jul,52.46944,110.8675,521,446,28.4,93.5,2020,1170,0.208024818,674,0,267,2.5,3.013,8.95,0.0491,38.9,1.9,9.36,1170,665,0.00531781,19.06,4500,23.76881727,7.589725282,0.002393377,274.1696667,0.032167634,0.337376336,0,0.000415348,0.013842114,0,0.09954618,2.229454,0.25278468,0.030368058,360.3957011,22681,0.008993344,39,0.00460735
SHORNCLIFFE LAKE,2011-08-16,Aug,52.46944,110.8675,518,394,24.5,117,2090,1210,0.208024818,674,0,278,2.5,2.753,9.18,0.0486,39.6,1.4,12.2,1190,667,0.00026784,19.75,4600,24.46774165,7.589725282,0.002393377,274.1696667,0.032167634,0.337376336,0,0.000415348,0.013842114,0,0.09954618,2.229454,0.25278468,0.030368058,374.0215047,3655,0.008993344,39,0.00460735
SHORNCLIFFE LAKE,2011-09-19,Sep,52.46944,110.8675,535,367,18.3,140,2180,1190,0.208024818,674,0,279,2.5,3.033,9.22,0.0506,40,1.5,6.91,1240,694,0,13.42,4770,23.35555585,7.589725282,0.002393377,274.1696667,0.032167634,0.337376336,0,0.000415348,0.013842114,0,0.09954618,2.229454,0.25278468,0.030368058,304.7466736,1290,0.008993344,39,0.00460735
SPRAY LAKES RESERVOIR,2014-06-26,Jun,50.9,115.33333,100,120,44,0.25,0.5,150,0.310210414,1701,1,10,24,0.134,7.87,0.004,0.15,4.1,3.4,0.25,35,0.00522771,9.47,150,15.29999999,5.526369685,0.040761001,477.2907849,4.54E-05,0,0.02814274,0.00019899,0.002007821,0.019262421,0.56709467,23.228155,0,0.003154877,400.4723794,50749,6.69E-05,48,0.00157847
SPRAY LAKES RESERVOIR,2014-07-18,Jul,50.9,115.33333,100,120,43,0.25,1.1,150,0.310210414,1701,1,9.6,24,0.138,7.99,0.003,0.3,6.5,3.2,0.25,32,0.01766111,15.4,150,23.22235026,5.526369685,0.040761001,477.2907849,4.54E-05,0,0.02814274,0.00019899,0.002007821,0.019262421,0.56709467,23.228155,0,0.003154877,410.0571442,12179,6.69E-05,48,0.00157847
SPRAY LAKES RESERVOIR,2014-08-29,Aug,50.9,115.33333,100,120,36,0.25,0.5,130,0.310210414,1701,1,8.6,24,0.116,8.21,0.0015,0.15,5.6,2.3,0.25,33,0.00667956,13.13,140,19.20161261,5.526369685,0.040761001,477.2907849,4.54E-05,0,0.02814274,0.00019899,0.002007821,0.019262421,0.56709467,23.228155,0,0.003154877,294.5105918,90457,6.69E-05,48,0.00157847
SPRAY LAKES RESERVOIR,2014-09-15,Sep,50.9,115.33333,100,130,46,0.25,0.5,160,0.310210414,1701,1,10,24,0.108,8.33,0.0015,0.15,8.6,2.5,0.5,32,0.00341264,9.79,150,13.83452381,5.526369685,0.040761001,477.2907849,4.54E-05,0,0.02814274,0.00019899,0.002007821,0.019262421,0.56709467,23.228155,0,0.003154877,281.8666709,98157,6.69E-05,48,0.00157847
BIRCH LAKE (NEAR STE ANNE),2017-06-12,Jun,53.75,114.53333,180,210,26,1.1,5.9,130,0.471972526,730,0,17,7,2.06,8.38,0.039,15,4.25,4.9,20,2.9,0.00052823,18.2,200,21.05714308,9.309549269,0.000229235,40.20336835,0.007444896,0.010803074,0,0,0.014129035,0,0.48157908,0.987066,0.23844047,0.028529788,367.0095302,3981,0.013712826,14,0.02467667
BIRCH LAKE (NEAR STE ANNE),2017-07-07,Jul,53.75,114.53333,170,170,27,20,5.7,140,0.471972526,730,0,18,7,2.7021,9.18,0.06,17,1,2.9,23,2.4,0.01304225,21.96,200,23.52995382,9.309549269,0.000229235,40.20336835,0.007444896,0.010803074,0,0,0.014129035,0,0.48157908,0.987066,0.23844047,0.028529788,358.4589887,4068,0.013712826,14,0.02467667
BIRCH LAKE (NEAR STE ANNE),2017-08-04,Aug,53.75,114.53333,160,160,21,16,5.8,130,0.471972526,730,0,18,7,2.1021,9.11,0.054,18,1,5.3,23,0.5,0.00929219,20.59,190,22.68663624,9.309549269,0.000229235,40.20336835,0.007444896,0.010803074,0,0,0.014129035,0,0.48157908,0.987066,0.23844047,0.028529788,324.4239633,1286,0.013712826,14,0.02467667
BIRCH LAKE (NEAR STE ANNE),2017-09-11,Sep,53.75,114.53333,160,150,19,22,6.4,120,0.471972526,730,0,17,7,2.3021,9.04,0.095,16,1,7,22,0.5,0.00073825,16.85,180,17.41428593,9.309549269,0.000229235,40.20336835,0.007444896,0.010803074,0,0,0.014129035,0,0.48157908,0.987066,0.23844047,0.028529788,260.068573,2943,0.013712826,14,0.02467667
ST. MARY RESERVOIR,2014-06-23,Jun,49.33333,113.18333,93,110,26,0.25,0.5,100,0.333877146,1101,1,9.3,47,0.44,8.12,0.014,0.7,0.9,2.4,3.6,11,0.01400657,14.99,110,18.76145834,9.669035621,0.038553538,879.4763305,0.001572904,0.387114709,0.00162246,0.001663449,0.011361582,0.017278509,0.08271006,3.302891,0.13784856,0.015430368,357.2500019,160698,0.016999407,444,0.00502152
ST. MARY RESERVOIR,2014-07-09,Jul,49.33333,113.18333,93,110,27,0.25,0.5,100,0.333877146,1101,1,9.3,47,0.32,8.22,0.009,1,2.7,3.4,3.7,12,0.02308103,20.36,110,26.60483873,9.669035621,0.038553538,879.4763305,0.001572904,0.387114709,0.00162246,0.001663449,0.011361582,0.017278509,0.08271006,3.302891,0.13784856,0.015430368,428.4774179,12477,0.016999407,444,0.00502152
ST. MARY RESERVOIR,2014-08-01,Aug,49.33333,113.18333,97,120,28,0.25,1,110,0.333877146,1101,1,9.6,47,0.276,8.34,0.006,0.89,3.2,2.5,4.3,9.4,0.01834154,20.54,110,23.67489934,9.669035621,0.038553538,879.4763305,0.001572904,0.387114709,0.00162246,0.001663449,0.011361582,0.017278509,0.08271006,3.302891,0.13784856,0.015430368,327.129035,56631,0.016999407,444,0.00502152
ST. MARY RESERVOIR,2014-09-25,Sep,49.33333,113.18333,99,120,28,0.25,1.6,110,0.333877146,1101,1,9.6,47,0.107,8.37,0.004,0.69,3.7,2.3,3.6,9.8,0.00493615,15.11,110,18.85416669,9.669035621,0.038553538,879.4763305,0.001572904,0.387114709,0.00162246,0.001663449,0.011361582,0.017278509,0.08271006,3.302891,0.13784856,0.015430368,309.0833321,48726,0.016999407,444,0.00502152
STAFFORD RESERVOIR,2013-06-18,Jun,49.7,112.4,110,140,36,0.25,1.2,140,0.185592227,846,1,13,5,0.2215,8.29,0.01,1.2,2.4,1.8,12,37,0.00338992,18.22,170,22.1500001,12.2217296,0.018172971,434.8846033,0.003154877,0.802130286,0,0.004067507,0.02131163,0,0.00061927,0.762126,0.035362402,0.024139174,388.4266663,51254,0.05407281,148,0.00227279
STAFFORD RESERVOIR,2013-07-16,Jul,49.7,112.4,110,130,31,0.25,1.1,130,0.185592227,846,1,13,5,0.1715,8.15,0.0086,1.2,1.4,1.5,11,33,0.00300726,19.75,160,25.27419329,12.2217296,0.018172971,434.8846033,0.003154877,0.802130286,0,0.004067507,0.02131163,0,0.00061927,0.762126,0.035362402,0.024139174,394.5548401,23348,0.05407281,148,0.00227279
STAFFORD RESERVOIR,2013-08-14,Aug,49.7,112.4,100,120,31,0.25,1.8,120,0.185592227,846,1,11,5,0.1515,8.1,0.0085,1.1,3.7,2.2,9,28,0.00154602,21.31,150,27.58064508,12.2217296,0.018172971,434.8846033,0.003154877,0.802130286,0,0.004067507,0.02131163,0,0.00061927,0.762126,0.035362402,0.024139174,373.9870911,10682,0.05407281,148,0.00227279
STAFFORD RESERVOIR,2013-09-10,Sep,49.7,112.4,110,130,33,0.25,1,130,0.185592227,846,1,12,5,0.1215,7.94,0.011,1.1,3.3,2.7,8.1,24,0.00280703,19.36,150,22.66666698,12.2217296,0.018172971,434.8846033,0.003154877,0.802130286,0,0.004067507,0.02131163,0,0.00061927,0.762126,0.035362402,0.024139174,285.8666611,17985,0.05407281,148,0.00227279
STEELE (CROSS) LAKE,2017-06-23,Jun,54.65,113.76667,150,180,37,0.25,0.5,150,0.379283999,658,0,14,5.5,1.114,8.25,0.051,3.1,2.5,5.1,8.1,0.5,0.00088864,17.14,160,20.59722265,8.304301037,0.000332695,309.8589027,0.006352308,0.00150537,0,0.000626076,0.00562828,0.009820707,0.60028814,0.985397,0.115989053,0.028919644,350.5244395,32588,0.000853683,22,0.2147718
STEELE (CROSS) LAKE,2017-07-28,Jul,54.65,113.76667,150,180,35,3.5,0.5,140,0.379283999,658,0,14,5.5,1.1021,8.52,0.086,3.1,1.4,3.6,7.1,0.5,0.00643068,19.88,150,22.88709641,8.304301037,0.000332695,309.8589027,0.006352308,0.00150537,0,0.000626076,0.00562828,0.009820707,0.60028814,0.985397,0.115989053,0.028919644,356.5935516,48442,0.000853683,22,0.2147718
STEELE (CROSS) LAKE,2017-08-25,Aug,54.65,113.76667,140,170,34,3.3,0.5,140,0.379283999,658,0,13,5.5,1.8021,8.54,0.15,2.9,1,2.1,7.1,0.5,0,18.39,150,21.91935476,8.304301037,0.000332695,309.8589027,0.006352308,0.00150537,0,0.000626076,0.00562828,0.009820707,0.60028814,0.985397,0.115989053,0.028919644,328.6709646,12240,0.000853683,22,0.2147718
STEELE (CROSS) LAKE,2017-09-19,Sep,54.65,113.76667,150,170,35,2.2,0.5,150,0.379283999,658,0,14,5.5,0.1921,8.45,0.0079,3.1,1,3.7,7,0.5,0,13.07,150,16.69166692,8.304301037,0.000332695,309.8589027,0.006352308,0.00150537,0,0.000626076,0.00562828,0.009820707,0.60028814,0.985397,0.115989053,0.028919644,259.5377757,17060,0.000853683,22,0.2147718
SYLVAN LAKE,2015-06-24,Jun,52.35,114.16667,330,360,19,23,4.3,210,1.155795266,937,0,39,19,0.6425,8.86,0.009,8.2,5.1,4,71,12,0.01148408,16.75,360,21.69401746,12.38148156,0.00024459,147.5599621,0.009647642,0.422919853,0,0.010226601,0.025266608,8.69E-05,0.12102392,1.59147,0.033298819,0.024898051,361.0229109,12600,0.07208018,79,0.00091338
SYLVAN LAKE,2015-07-31,Jul,52.35,114.16667,320,350,17,22,0.5,200,1.155795266,937,0,38,19,0.8625,8.81,0.011,8.4,3.3,4.9,72,12,0.00700261,18.96,340,23.45698909,12.38148156,0.00024459,147.5599621,0.009647642,0.422919853,0,0.010226601,0.025266608,8.69E-05,0.12102392,1.59147,0.033298819,0.024898051,362.9736962,13896,0.07208018,79,0.00091338
SYLVAN LAKE,2015-08-25,Aug,52.35,114.16667,330,360,17,19,4.9,200,1.155795266,937,0,38,19,0.6325,8.78,0.038,8.2,3.3,6.2,69,13,0.0015469,18.28,350,22.57981789,12.38148156,0.00024459,147.5599621,0.009647642,0.422919853,0,0.010226601,0.025266608,8.69E-05,0.12102392,1.59147,0.033298819,0.024898051,350.8724498,10857,0.07208018,79,0.00091338
SYLVAN LAKE,2015-09-29,Sep,52.35,114.16667,320,350,16,22,4.3,200,1.155795266,937,0,38,19,0.5825,8.88,0.013,7.9,2.7,7.1,67,13,0.00069032,13.33,350,16.0893162,12.38148156,0.00024459,147.5599621,0.009647642,0.422919853,0,0.010226601,0.025266608,8.69E-05,0.12102392,1.59147,0.033298819,0.024898051,270.0717946,10434,0.07208018,79,0.00091338
TOUCHWOOD LAKE,2017-06-28,Jun,54.83889,111.38028,150,180,33,0.25,0.5,140,0.759762112,632,0,15,40,0.6125,8.31,0.015,2.9,5,0.13,9.4,1.8,0.0168014,15.36,150,19.2351852,6.990169896,0,141.5346272,0.000233089,0,0,0.000984665,0.002793386,0.06504438,0.74285685,2.30803,0,0.006660201,325.7244455,9272,0.00027217,7,0.03054184
TOUCHWOOD LAKE,2017-07-27,Jul,54.83889,111.38028,150,170,31,4.1,0.5,130,0.759762112,632,0,14,40,0.5921,8.52,0.019,3.1,5.1,0.22,9.1,1.4,0.02726505,19.49,150,22.86977309,6.990169896,0,141.5346272,0.000233089,0,0,0.000984665,0.002793386,0.06504438,0.74285685,2.30803,0,0.006660201,354.4774226,16445,0.00027217,7,0.03054184
TOUCHWOOD LAKE,2017-08-17,Aug,54.83889,111.38028,150,170,35,4.8,0.5,150,0.759762112,632,0,15,40,0.5521,8.57,0.0096,3.4,4,0.056,10,1,0.02570409,19.44,150,20.97132605,6.990169896,0,141.5346272,0.000233089,0,0,0.000984665,0.002793386,0.06504438,0.74285685,2.30803,0,0.006660201,324.1596205,6964,0.00027217,7,0.03054184
TOUCHWOOD LAKE,2017-09-22,Sep,54.83889,111.38028,150,180,33,0.25,0.5,150,0.759762112,632,0,16,40,0.6221,8.27,0.011,3.4,4.5,0.51,11,1.6,0.00101703,12.98,160,16.01172832,6.990169896,0,141.5346272,0.000233089,0,0,0.000984665,0.002793386,0.06504438,0.74285685,2.30803,0,0.006660201,256.2093839,8326,0.00027217,7,0.03054184
TRAVERS RESERVOIR,2013-08-13,Aug,50.2,112.85,150,180,48,0.25,13,210,0.299158805,856,1,23,36,0.2815,8.28,0.0058,3.6,5,1.9,36,120,0.02427333,20.6,330,27.24702875,11.34706661,0.009052278,4082.725528,0.005097803,0.681373953,0,0.000747494,0.012830832,0,0.0088856,1.737874,0.071326308,0.016380313,382.3320826,131865,0.013903816,1031,0.00117325
TRAVERS RESERVOIR,2013-09-11,Sep,50.2,112.85,140,170,51,1.8,12,230,0.299158805,856,1,24,36,0.255,8.39,0.012,3.6,5.5,3,39,110,0.02083989,19.21,330,22.88684182,11.34706661,0.009052278,4082.725528,0.005097803,0.681373953,0,0.000747494,0.012830832,0,0.0088856,1.737874,0.071326308,0.016380313,294.2877181,210272,0.013903816,1031,0.00117325
TWIN VALLEY RESERVOIR (CENTRAL),2014-07-21,Jul,50.239,113.42067,260,300,66,6.5,16,300,0.165834543,954,1,33,18,0.89,8.4,0.085,9.4,2,7.8,61,120,0.00900719,20.29,470,26.94086011,9.859020286,0.005828419,1933.928732,0.005465872,0.595914144,0,0.001017581,0.013172408,0,0.01824851,2.213318,0.080116271,0.017685016,423.7763435,43086,0.017447872,599,0.00150919
TWIN VALLEY RESERVOIR (CENTRAL),2014-08-26,Aug,50.239,113.42067,260,280,56,15,17,260,0.165834543,954,1,28,18,0.845,8.72,0.19,7.6,2,6.6,54,120,0.00500765,18.75,450,24.73297479,9.859020286,0.005828419,1933.928732,0.005465872,0.595914144,0,0.001017581,0.013172408,0,0.01824851,2.213318,0.080116271,0.017685016,347.4810045,89654,0.017447872,599,0.00150919
TWIN VALLEY RESERVOIR (CENTRAL),2014-09-17,Sep,50.239,113.42067,260,280,54,23,17,260,0.165834543,954,1,29,18,1.2015,8.89,0.12,7,3.3,0.089,52,110,0.0069646,14.46,430,19.63888868,9.859020286,0.005828419,1933.928732,0.005465872,0.595914144,0,0.001017581,0.013172408,0,0.01824851,2.213318,0.080116271,0.017685016,300.6814779,138160,0.017447872,599,0.00150919
TYRRELL LAKE,2015-06-29,Jun,49.38333,112.26667,720,590,54,140,140,1200,0.248224352,960,0,250,5,2.234,9.08,0.48,52,0.8,0.15,1900,4600,0.02747959,24,7500,25.39999962,14.45179198,0.001418765,114.2249378,0.004492099,0.740041553,0,0.000486458,0.016527489,0,0.00080152,1.087027,0.044033914,0.023419647,444.1600037,2792,0.017554531,19,0.00077794
TYRRELL LAKE,2015-07-28,Jul,49.38333,112.26667,760,630,52,150,150,1200,0.248224352,960,0,250,5,1.911,9.1,0.38,52,0.8,0.15,1900,4800,0.00100442,18.74,7700,27.05376371,14.45179198,0.001418765,114.2249378,0.004492099,0.740041553,0,0.000486458,0.016527489,0,0.00080152,1.087027,0.044033914,0.023419647,414.8645223,5049,0.017554531,19,0.00077794
TYRRELL LAKE,2015-08-24,Aug,49.38333,112.26667,750,600,49,160,150,1100,0.248224352,960,0,250,5,1.911,9.14,0.44,50,1.2,0.025,1800,4900,0.00555878,16.98,7700,27.08602206,14.45179198,0.001418765,114.2249378,0.004492099,0.740041553,0,0.000486458,0.016527489,0,0.00080152,1.087027,0.044033914,0.023419647,386.4430237,1767,0.017554531,19,0.00077794
UTIKUMASIS LAKE,2017-06-20,Jun,55.90138,115.70209,150,180,54,0.25,2.4,180,0.61843376,639,0,12,10,1.1096,8.21,0.077,3.5,2.8,2.7,7.1,17,0.0075469,17.36,190,21.09861135,8.489023286,9.51E-06,1150.060659,0.00348708,0.000719646,0.00018444,0.000197723,0.00524401,0.029988343,0.631595,1.315593,0.002261489,0.026565076,350.0355581,76255,0.00286334,45,0.25738309
UTIKUMASIS LAKE,2017-07-18,Jul,55.90138,115.70209,150,170,47,3.6,2.7,170,0.61843376,639,0,12,10,1.623,8.53,0.077,2.9,2.5,6.1,6.7,14,0.0004316,18.21,180,22.79032294,8.489023286,9.51E-06,1150.060659,0.00348708,0.000719646,0.00018444,0.000197723,0.00524401,0.029988343,0.631595,1.315593,0.002261489,0.026565076,349.2817103,106495,0.00286334,45,0.25738309
UTIKUMASIS LAKE,2017-08-30,Aug,55.90138,115.70209,150,160,47,8,2.4,170,0.61843376,639,0,11,10,1.5021,8.56,0.25,3.1,1.3,10,7.4,13,0.00063364,16.78,180,22.92741934,8.489023286,9.51E-06,1150.060659,0.00348708,0.000719646,0.00018444,0.000197723,0.00524401,0.029988343,0.631595,1.315593,0.002261489,0.026565076,331.8623606,48531,0.00286334,45,0.25738309
UTIKUMASIS LAKE,2017-09-28,Sep,55.90138,115.70209,150,180,48,0.25,2.2,170,0.61843376,639,0,12,10,1.229,8.18,0.18,3.3,2.4,10,7.4,14,0.00115099,12,180,17.46944475,8.489023286,9.51E-06,1150.060659,0.00348708,0.000719646,0.00018444,0.000197723,0.00524401,0.029988343,0.631595,1.315593,0.002261489,0.026565076,246.9066645,38064,0.00286334,45,0.25738309
WABAMUN LAKE,2016-06-21,Jun,53.54027,114.53139,230,260,26,8.1,15,160,1.13165444,725,0,22,10,0.9625,8.55,0.067,10,2.75,2.8,73,90,0.00638564,17.98,370,22.38472191,13.6545499,0.020024435,329.0160272,0.138385703,0.030481253,0,0.004176659,0.016916085,0,0.31424442,2.187937,0.216291064,0.036357513,369.3555556,22119,0.025510797,188,0.03589791
WABAMUN LAKE,2016-07-12,Jul,53.54027,114.53139,210,250,26,4.2,15,160,1.13165444,725,0,23,10,1.0025,8.45,0.018,10,2,3.2,77,87,0.00131284,19.77,370,23.71191772,13.6545499,0.020024435,329.0160272,0.138385703,0.030481253,0,0.004176659,0.016916085,0,0.31424442,2.187937,0.216291064,0.036357513,348.8960559,28508,0.025510797,188,0.03589791
WABAMUN LAKE,2016-08-24,Aug,53.54027,114.53139,220,250,24,7.8,15,150,1.13165444,725,0,22,10,0.812,8.6,0.022,10,1.8,4.2,76,84,0.00173839,18.73,370,22.38956075,13.6545499,0.020024435,329.0160272,0.138385703,0.030481253,0,0.004176659,0.016916085,0,0.31424442,2.187937,0.216291064,0.036357513,307.1096836,48204,0.025510797,188,0.03589791
WABAMUN LAKE,2016-09-14,Sep,53.54027,114.53139,210,240,26,11,15,160,1.13165444,725,0,23,10,0.7425,8.72,0.017,10,2.75,0.6,75,90,0.00174119,13.97,370,16.71898158,13.6545499,0.020024435,329.0160272,0.138385703,0.030481253,0,0.004176659,0.016916085,0,0.31424442,2.187937,0.216291064,0.036357513,264.3407419,13342,0.025510797,188,0.03589791
WATERTON RESERVOIR,2015-06-30,Jun,49.3,113.68333,91,110,29,0.25,2.2,110,0.279733376,1184,1,9.5,42,0.26,8.29,0.0059,0.15,4.5,3.4,0.71,6.6,0.03080168,20,110,23.46296268,12.46435681,0.012113691,869.3950002,0.001954498,0.044595885,0.03002648,0.000616749,0.007978969,0.005124346,0.48258203,12.891276,0.120723972,0.014898546,436.6577759,39052,0.005273614,249,0.01147313
WATERTON RESERVOIR,2015-08-26,Aug,49.3,113.68333,100,130,31,0.25,1.2,120,0.279733376,1184,1,11,42,0.124,8.31,0.005,0.46,3.6,2.6,1.9,8.4,0.0179015,17.48,120,25.79211447,12.46435681,0.012113691,869.3950002,0.001954498,0.044595885,0.03002648,0.000616749,0.007978969,0.005124346,0.48258203,12.891276,0.120723972,0.014898546,390.3541192,27107,0.005273614,249,0.01147313
WEED LAKE,2016-06-07,Jun,51.00396,113.66131,520,330,15,150,150,670,0.237572962,1000,0,150,0.5,2.411,9.45,0.059,17,0.45,0.37,1000,2300,0,21.88,4000,23.32291698,14.48369177,0.015998801,187.7373633,0.010467749,0.640578498,0,0.005510994,0.024233438,0,0.00290843,0.608446,0.026870893,0.029561778,421.1599998,7242,0.074874202,45,0.03557463
WEED LAKE,2016-07-22,Jul,51.00396,113.66131,410,230,21,140,130,600,0.237572962,1000,0,130,0.5,2.711,9.51,0.089,16,0.7,8.2,890,2000,0,20.97,3400,23.04838705,14.48369177,0.015998801,187.7373633,0.010467749,0.640578498,0,0.005510994,0.024233438,0,0.00290843,0.608446,0.026870893,0.029561778,335.1870918,29880,0.074874202,45,0.03557463
WEED LAKE,2016-08-24,Aug,51.00396,113.66131,440,510,53,14,85,570,0.237572962,1000,0,110,0.5,2.8075,8.5,0.096,17,0.2,14,610,1500,0.00029814,12.55,2600,22.83870959,14.48369177,0.015998801,187.7373633,0.010467749,0.640578498,0,0.005510994,0.024233438,0,0.00290843,0.608446,0.026870893,0.029561778,347.1741905,11622,0.074874202,45,0.03557463
WEED LAKE,2016-09-23,Sep,51.00396,113.66131,520,590,61,24,100,700,0.237572962,1000,0,130,0.5,3.711,8.62,0.21,18,0.6,12,700,1600,0,9.88,3000,18.11250019,14.48369177,0.015998801,187.7373633,0.010467749,0.640578498,0,0.005510994,0.024233438,0,0.00290843,0.608446,0.026870893,0.029561778,299.7866631,3186,0.074874202,45,0.03557463
